state_code,county_code,site_number,parameter_code,poc,latitude,longitude,datum,parameter,sample_duration_code,sample_duration,pollutant_standard,date_local,units_of_measure,event_type,observation_count,observation_percent,validity_indicator,arithmetic_mean,first_max_value,first_max_hour,aqi,method_code,method,local_site_name,site_address,state,county,city,cbsa_code,cbsa,date_of_last_change
17,031,0022,81102,4,41.687165,-87.539315,WGS84,PM10 Total 0-10um STP,1,1 HOUR,,2022-05-01,Micrograms/cubic meter (25 C),No Events,24,100,Y,19.083333,28,7,,122,INSTRUMENT MET ONE 4 MODELS - BETA ATTENUATION,WASHINGTON HS,3535 E. 114TH ST.,Illinois,Cook,Chicago,16980,"Chicago-Naperville-Elgin, IL-IN-WI",2022-10-12
17,031,0022,81102,4,41.687165,-87.539315,WGS84,PM10 Total 0-10um STP,1,1 HOUR,,2022-05-02,Micrograms/cubic meter (25 C),No Events,24,100,Y,25.25,44,9,,122,INSTRUMENT MET ONE 4 MODELS - BETA ATTENUATION,WASHINGTON HS,3535 E. 114TH ST.,Illinois,Cook,Chicago,16980,"Chicago-Naperville-Elgin, IL-IN-WI",2022-10-12
17,031,0022,81102,4,41.687165,-87.539315,WGS84,PM10 Total 0-10um STP,1,1 HOUR,,2022-05-03,Micrograms/cubic meter (25 C),No Events,7,29,N,31.857143,46,0,,122,INSTRUMENT MET ONE 4 MODELS - BETA ATTENUATION,WASHINGTON HS,3535 E. 114TH ST.,Illinois,Cook,Chicago,16980,"Chicago-Naperville-Elgin, IL-IN-WI",2022-10-12
17,031,0022,81102,4,41.687165,-87.539315,WGS84,PM10 Total 0-10um STP,1,1 HOUR,,2022-05-06,Micrograms/cubic meter (25 C),No Events,10,42,N,13.8,18,18,,122,INSTRUMENT MET ONE 4 MODELS - BETA ATTENUATION,WASHINGTON HS,3535 E. 114TH ST.,Illinois,Cook,Chicago,16980,"Chicago-Naperville-Elgin, IL-IN-WI",2022-10-12
17,031,0022,81102,4,41.687165,-87.539315,WGS84,PM10 Total 0-10um STP,1,1 HOUR,,2022-05-07,Micrograms/cubic meter (25 C),No Events,24,100,Y,17.833333,31,1,,122,INSTRUMENT MET ONE 4 MODELS - BETA ATTENUATION,WASHINGTON HS,3535 E. 114TH ST.,Illinois,Cook,Chicago,16980,"Chicago-Naperville-Elgin, IL-IN-WI",2022-10-12
17,031,0022,81102,4,41.687165,-87.539315,WGS84,PM10 Total 0-10um STP,1,1 HOUR,,2022-05-08,Micrograms/cubic meter (25 C),No Events,24,100,Y,21.708333,31,3,,122,INSTRUMENT MET ONE 4 MODELS - BETA ATTENUATION,WASHINGTON HS,3535 E. 114TH ST.,Illinois,Cook,Chicago,16980,"Chicago-Naperville-Elgin, IL-IN-WI",2022-10-12
17,031,0022,81102,4,41.687165,-87.539315,WGS84,PM10 Total 0-10um STP,1,1 HOUR,,2022-05-09,Micrograms/cubic meter (25 C),No Events,24,100,Y,31.708333,53,14,,122,INSTRUMENT MET ONE 4 MODELS - BETA ATTENUATION,WASHINGTON HS,3535 E. 114TH ST.,Illinois,Cook,Chicago,16980,"Chicago-Naperville-Elgin, IL-IN-WI",2022-10-12
17,031,0022,81102,4,41.687165,-87.539315,WGS84,PM10 Total 0-10um STP,1,1 HOUR,,2022-05-10,Micrograms/cubic meter (25 C),No Events,24,100,Y,40.25,56,15,,122,INSTRUMENT MET ONE 4 MODELS - BETA ATTENUATION,WASHINGTON HS,3535 E. 114TH ST.,Illinois,Cook,Chicago,16980,"Chicago-Naperville-Elgin, IL-IN-WI",2022-10-12
17,031,0022,81102,4,41.687165,-87.539315,WGS84,PM10 Total 0-10um STP,1,1 HOUR,,2022-05-11,Micrograms/cubic meter (25 C),No Events,24,100,Y,54.041667,100,11,,122,INSTRUMENT MET ONE 4 MODELS - BETA ATTENUATION,WASHINGTON HS,3535 E. 114TH ST.,Illinois,Cook,Chicago,16980,"Chicago-Naperville-Elgin, IL-IN-WI",2022-10-12
17,031,0022,81102,4,41.687165,-87.539315,WGS84,PM10 Total 0-10um STP,1,1 HOUR,,2022-05-12,Micrograms/cubic meter (25 C),No Events,24,100,Y,55.625,79,10,,122,INSTRUMENT MET ONE 4 MODELS - BETA ATTENUATION,WASHINGTON HS,3535 E. 114TH ST.,Illinois,Cook,Chicago,16980,"Chicago-Naperville-Elgin, IL-IN-WI",2022-10-12
17,031,0022,81102,4,41.687165,-87.539315,WGS84,PM10 Total 0-10um STP,1,1 HOUR,,2022-05-13,Micrograms/cubic meter (25 C),No Events,24,100,Y,56.041667,229,10,,122,INSTRUMENT MET ONE 4 MODELS - BETA ATTENUATION,WASHINGTON HS,3535 E. 114TH ST.,Illinois,Cook,Chicago,16980,"Chicago-Naperville-Elgin, IL-IN-WI",2022-10-12
17,031,0022,81102,4,41.687165,-87.539315,WGS84,PM10 Total 0-10um STP,1,1 HOUR,,2022-05-14,Micrograms/cubic meter (25 C),No Events,24,100,Y,41.083333,73,18,,122,INSTRUMENT MET ONE 4 MODELS - BETA ATTENUATION,WASHINGTON HS,3535 E. 114TH ST.,Illinois,Cook,Chicago,16980,"Chicago-Naperville-Elgin, IL-IN-WI",2022-10-12
17,031,0022,81102,4,41.687165,-87.539315,WGS84,PM10 Total 0-10um STP,1,1 HOUR,,2022-05-15,Micrograms/cubic meter (25 C),No Events,24,100,Y,28.333333,41,9,,122,INSTRUMENT MET ONE 4 MODELS - BETA ATTENUATION,WASHINGTON HS,3535 E. 114TH ST.,Illinois,Cook,Chicago,16980,"Chicago-Naperville-Elgin, IL-IN-WI",2022-10-12
17,031,0022,81102,4,41.687165,-87.539315,WGS84,PM10 Total 0-10um STP,1,1 HOUR,,2022-05-16,Micrograms/cubic meter (25 C),No Events,24,100,Y,36.458333,50,17,,122,INSTRUMENT MET ONE 4 MODELS - BETA ATTENUATION,WASHINGTON HS,3535 E. 114TH ST.,Illinois,Cook,Chicago,16980,"Chicago-Naperville-Elgin, IL-IN-WI",2022-10-12
17,031,0022,81102,4,41.687165,-87.539315,WGS84,PM10 Total 0-10um STP,1,1 HOUR,,2022-05-17,Micrograms/cubic meter (25 C),No Events,22,92,Y,24.363636,46,18,,122,INSTRUMENT MET ONE 4 MODELS - BETA ATTENUATION,WASHINGTON HS,3535 E. 114TH ST.,Illinois,Cook,Chicago,16980,"Chicago-Naperville-Elgin, IL-IN-WI",2022-10-12
17,031,0022,81102,4,41.687165,-87.539315,WGS84,PM10 Total 0-10um STP,1,1 HOUR,,2022-05-18,Micrograms/cubic meter (25 C),No Events,24,100,Y,29.458333,55,5,,122,INSTRUMENT MET ONE 4 MODELS - BETA ATTENUATION,WASHINGTON HS,3535 E. 114TH ST.,Illinois,Cook,Chicago,16980,"Chicago-Naperville-Elgin, IL-IN-WI",2022-10-12
17,031,0022,81102,4,41.687165,-87.539315,WGS84,PM10 Total 0-10um STP,1,1 HOUR,,2022-05-19,Micrograms/cubic meter (25 C),No Events,24,100,Y,36.875,57,14,,122,INSTRUMENT MET ONE 4 MODELS - BETA ATTENUATION,WASHINGTON HS,3535 E. 114TH ST.,Illinois,Cook,Chicago,16980,"Chicago-Naperville-Elgin, IL-IN-WI",2022-10-12
17,031,0022,81102,4,41.687165,-87.539315,WGS84,PM10 Total 0-10um STP,1,1 HOUR,,2022-05-20,Micrograms/cubic meter (25 C),No Events,24,100,Y,42.583333,92,14,,122,INSTRUMENT MET ONE 4 MODELS - BETA ATTENUATION,WASHINGTON HS,3535 E. 114TH ST.,Illinois,Cook,Chicago,16980,"Chicago-Naperville-Elgin, IL-IN-WI",2022-10-12
17,031,0022,81102,4,41.687165,-87.539315,WGS84,PM10 Total 0-10um STP,1,1 HOUR,,2022-05-21,Micrograms/cubic meter (25 C),No Events,24,100,Y,18.166667,33,22,,122,INSTRUMENT MET ONE 4 MODELS - BETA ATTENUATION,WASHINGTON HS,3535 E. 114TH ST.,Illinois,Cook,Chicago,16980,"Chicago-Naperville-Elgin, IL-IN-WI",2022-10-12
17,031,0022,81102,4,41.687165,-87.539315,WGS84,PM10 Total 0-10um STP,1,1 HOUR,,2022-05-22,Micrograms/cubic meter (25 C),No Events,24,100,Y,22.333333,32,23,,122,INSTRUMENT MET ONE 4 MODELS - BETA ATTENUATION,WASHINGTON HS,3535 E. 114TH ST.,Illinois,Cook,Chicago,16980,"Chicago-Naperville-Elgin, IL-IN-WI",2022-10-12
17,031,0022,81102,4,41.687165,-87.539315,WGS84,PM10 Total 0-10um STP,1,1 HOUR,,2022-05-23,Micrograms/cubic meter (25 C),No Events,24,100,Y,18.5,32,0,,122,INSTRUMENT MET ONE 4 MODELS - BETA ATTENUATION,WASHINGTON HS,3535 E. 114TH ST.,Illinois,Cook,Chicago,16980,"Chicago-Naperville-Elgin, IL-IN-WI",2022-10-12
17,031,0022,81102,4,41.687165,-87.539315,WGS84,PM10 Total 0-10um STP,1,1 HOUR,,2022-05-24,Micrograms/cubic meter (25 C),No Events,24,100,Y,24.5,45,8,,122,INSTRUMENT MET ONE 4 MODELS - BETA ATTENUATION,WASHINGTON HS,3535 E. 114TH ST.,Illinois,Cook,Chicago,16980,"Chicago-Naperville-Elgin, IL-IN-WI",2022-10-12
17,031,0022,81102,4,41.687165,-87.539315,WGS84,PM10 Total 0-10um STP,1,1 HOUR,,2022-05-25,Micrograms/cubic meter (25 C),No Events,24,100,Y,23.916667,40,3,,122,INSTRUMENT MET ONE 4 MODELS - BETA ATTENUATION,WASHINGTON HS,3535 E. 114TH ST.,Illinois,Cook,Chicago,16980,"Chicago-Naperville-Elgin, IL-IN-WI",2022-10-12
17,031,0022,81102,4,41.687165,-87.539315,WGS84,PM10 Total 0-10um STP,1,1 HOUR,,2022-05-26,Micrograms/cubic meter (25 C),No Events,24,100,Y,21.25,32,10,,122,INSTRUMENT MET ONE 4 MODELS - BETA ATTENUATION,WASHINGTON HS,3535 E. 114TH ST.,Illinois,Cook,Chicago,16980,"Chicago-Naperville-Elgin, IL-IN-WI",2022-10-12
17,031,0022,81102,4,41.687165,-87.539315,WGS84,PM10 Total 0-10um STP,1,1 HOUR,,2022-05-27,Micrograms/cubic meter (25 C),No Events,24,100,Y,15.833333,27,18,,122,INSTRUMENT MET ONE 4 MODELS - BETA ATTENUATION,WASHINGTON HS,3535 E. 114TH ST.,Illinois,Cook,Chicago,16980,"Chicago-Naperville-Elgin, IL-IN-WI",2022-10-12
17,031,0022,81102,4,41.687165,-87.539315,WGS84,PM10 Total 0-10um STP,1,1 HOUR,,2022-05-28,Micrograms/cubic meter (25 C),No Events,24,100,Y,23.916667,40,7,,122,INSTRUMENT MET ONE 4 MODELS - BETA ATTENUATION,WASHINGTON HS,3535 E. 114TH ST.,Illinois,Cook,Chicago,16980,"Chicago-Naperville-Elgin, IL-IN-WI",2022-10-12
17,031,0022,81102,4,41.687165,-87.539315,WGS84,PM10 Total 0-10um STP,1,1 HOUR,,2022-05-29,Micrograms/cubic meter (25 C),No Events,24,100,Y,22.875,30,12,,122,INSTRUMENT MET ONE 4 MODELS - BETA ATTENUATION,WASHINGTON HS,3535 E. 114TH ST.,Illinois,Cook,Chicago,16980,"Chicago-Naperville-Elgin, IL-IN-WI",2022-10-12
17,031,0022,81102,4,41.687165,-87.539315,WGS84,PM10 Total 0-10um STP,1,1 HOUR,,2022-05-30,Micrograms/cubic meter (25 C),No Events,22,92,Y,31.272727,62,10,,122,INSTRUMENT MET ONE 4 MODELS - BETA ATTENUATION,WASHINGTON HS,3535 E. 114TH ST.,Illinois,Cook,Chicago,16980,"Chicago-Naperville-Elgin, IL-IN-WI",2022-10-12
17,031,0022,81102,4,41.687165,-87.539315,WGS84,PM10 Total 0-10um STP,1,1 HOUR,,2022-05-31,Micrograms/cubic meter (25 C),No Events,24,100,Y,42.958333,75,13,,122,INSTRUMENT MET ONE 4 MODELS - BETA ATTENUATION,WASHINGTON HS,3535 E. 114TH ST.,Illinois,Cook,Chicago,16980,"Chicago-Naperville-Elgin, IL-IN-WI",2022-10-12
17,031,0022,81102,4,41.687165,-87.539315,WGS84,PM10 Total 0-10um STP,1,1 HOUR,,2022-06-01,Micrograms/cubic meter (25 C),No Events,24,100,Y,17.5,27,0,,122,INSTRUMENT MET ONE 4 MODELS - BETA ATTENUATION,WASHINGTON HS,3535 E. 114TH ST.,Illinois,Cook,Chicago,16980,"Chicago-Naperville-Elgin, IL-IN-WI",2022-10-12
17,031,0022,81102,4,41.687165,-87.539315,WGS84,PM10 Total 0-10um STP,1,1 HOUR,,2022-06-02,Micrograms/cubic meter (25 C),No Events,24,100,Y,30.833333,56,8,,122,INSTRUMENT MET ONE 4 MODELS - BETA ATTENUATION,WASHINGTON HS,3535 E. 114TH ST.,Illinois,Cook,Chicago,16980,"Chicago-Naperville-Elgin, IL-IN-WI",2022-10-12
17,031,0022,81102,4,41.687165,-87.539315,WGS84,PM10 Total 0-10um STP,1,1 HOUR,,2022-06-03,Micrograms/cubic meter (25 C),No Events,24,100,Y,48.958333,79,7,,122,INSTRUMENT MET ONE 4 MODELS - BETA ATTENUATION,WASHINGTON HS,3535 E. 114TH ST.,Illinois,Cook,Chicago,16980,"Chicago-Naperville-Elgin, IL-IN-WI",2022-10-12
17,031,0022,81102,4,41.687165,-87.539315,WGS84,PM10 Total 0-10um STP,1,1 HOUR,,2022-06-04,Micrograms/cubic meter (25 C),No Events,24,100,Y,27.875,72,8,,122,INSTRUMENT MET ONE 4 MODELS - BETA ATTENUATION,WASHINGTON HS,3535 E. 114TH ST.,Illinois,Cook,Chicago,16980,"Chicago-Naperville-Elgin, IL-IN-WI",2022-10-12
17,031,0022,81102,4,41.687165,-87.539315,WGS84,PM10 Total 0-10um STP,1,1 HOUR,,2022-06-05,Micrograms/cubic meter (25 C),No Events,24,100,Y,26.916667,42,10,,122,INSTRUMENT MET ONE 4 MODELS - BETA ATTENUATION,WASHINGTON HS,3535 E. 114TH ST.,Illinois,Cook,Chicago,16980,"Chicago-Naperville-Elgin, IL-IN-WI",2022-10-12
17,031,0022,81102,4,41.687165,-87.539315,WGS84,PM10 Total 0-10um STP,1,1 HOUR,,2022-06-06,Micrograms/cubic meter (25 C),No Events,24,100,Y,30.666667,69,8,,122,INSTRUMENT MET ONE 4 MODELS - BETA ATTENUATION,WASHINGTON HS,3535 E. 114TH ST.,Illinois,Cook,Chicago,16980,"Chicago-Naperville-Elgin, IL-IN-WI",2022-10-12
17,031,0022,81102,4,41.687165,-87.539315,WGS84,PM10 Total 0-10um STP,1,1 HOUR,,2022-06-07,Micrograms/cubic meter (25 C),No Events,24,100,Y,14.25,30,12,,122,INSTRUMENT MET ONE 4 MODELS - BETA ATTENUATION,WASHINGTON HS,3535 E. 114TH ST.,Illinois,Cook,Chicago,16980,"Chicago-Naperville-Elgin, IL-IN-WI",2022-10-12
17,031,0022,81102,4,41.687165,-87.539315,WGS84,PM10 Total 0-10um STP,1,1 HOUR,,2022-06-08,Micrograms/cubic meter (25 C),No Events,24,100,Y,19.5,30,12,,122,INSTRUMENT MET ONE 4 MODELS - BETA ATTENUATION,WASHINGTON HS,3535 E. 114TH ST.,Illinois,Cook,Chicago,16980,"Chicago-Naperville-Elgin, IL-IN-WI",2022-10-12
17,031,0022,81102,4,41.687165,-87.539315,WGS84,PM10 Total 0-10um STP,1,1 HOUR,,2022-06-09,Micrograms/cubic meter (25 C),No Events,24,100,Y,24.208333,45,7,,122,INSTRUMENT MET ONE 4 MODELS - BETA ATTENUATION,WASHINGTON HS,3535 E. 114TH ST.,Illinois,Cook,Chicago,16980,"Chicago-Naperville-Elgin, IL-IN-WI",2022-10-12
17,031,0022,81102,4,41.687165,-87.539315,WGS84,PM10 Total 0-10um STP,1,1 HOUR,,2022-06-10,Micrograms/cubic meter (25 C),No Events,24,100,Y,28.416667,46,9,,122,INSTRUMENT MET ONE 4 MODELS - BETA ATTENUATION,WASHINGTON HS,3535 E. 114TH ST.,Illinois,Cook,Chicago,16980,"Chicago-Naperville-Elgin, IL-IN-WI",2022-10-12
17,031,0022,81102,4,41.687165,-87.539315,WGS84,PM10 Total 0-10um STP,1,1 HOUR,,2022-06-11,Micrograms/cubic meter (25 C),No Events,24,100,Y,23.791667,36,20,,122,INSTRUMENT MET ONE 4 MODELS - BETA ATTENUATION,WASHINGTON HS,3535 E. 114TH ST.,Illinois,Cook,Chicago,16980,"Chicago-Naperville-Elgin, IL-IN-WI",2022-10-12
17,031,0022,81102,4,41.687165,-87.539315,WGS84,PM10 Total 0-10um STP,1,1 HOUR,,2022-06-12,Micrograms/cubic meter (25 C),No Events,24,100,Y,18.083333,31,6,,122,INSTRUMENT MET ONE 4 MODELS - BETA ATTENUATION,WASHINGTON HS,3535 E. 114TH ST.,Illinois,Cook,Chicago,16980,"Chicago-Naperville-Elgin, IL-IN-WI",2022-10-12
17,031,0022,81102,4,41.687165,-87.539315,WGS84,PM10 Total 0-10um STP,1,1 HOUR,,2022-06-13,Micrograms/cubic meter (25 C),No Events,24,100,Y,25.875,73,13,,122,INSTRUMENT MET ONE 4 MODELS - BETA ATTENUATION,WASHINGTON HS,3535 E. 114TH ST.,Illinois,Cook,Chicago,16980,"Chicago-Naperville-Elgin, IL-IN-WI",2022-10-12
17,031,0022,81102,4,41.687165,-87.539315,WGS84,PM10 Total 0-10um STP,1,1 HOUR,,2022-06-14,Micrograms/cubic meter (25 C),No Events,24,100,Y,49.791667,74,11,,122,INSTRUMENT MET ONE 4 MODELS - BETA ATTENUATION,WASHINGTON HS,3535 E. 114TH ST.,Illinois,Cook,Chicago,16980,"Chicago-Naperville-Elgin, IL-IN-WI",2022-10-12
17,031,0022,81102,4,41.687165,-87.539315,WGS84,PM10 Total 0-10um STP,1,1 HOUR,,2022-06-15,Micrograms/cubic meter (25 C),No Events,24,100,Y,89.958333,137,13,,122,INSTRUMENT MET ONE 4 MODELS - BETA ATTENUATION,WASHINGTON HS,3535 E. 114TH ST.,Illinois,Cook,Chicago,16980,"Chicago-Naperville-Elgin, IL-IN-WI",2022-10-12
17,031,0022,81102,4,41.687165,-87.539315,WGS84,PM10 Total 0-10um STP,1,1 HOUR,,2022-06-16,Micrograms/cubic meter (25 C),No Events,24,100,Y,59.208333,138,14,,122,INSTRUMENT MET ONE 4 MODELS - BETA ATTENUATION,WASHINGTON HS,3535 E. 114TH ST.,Illinois,Cook,Chicago,16980,"Chicago-Naperville-Elgin, IL-IN-WI",2022-10-12
17,031,0022,81102,4,41.687165,-87.539315,WGS84,PM10 Total 0-10um STP,1,1 HOUR,,2022-06-17,Micrograms/cubic meter (25 C),No Events,24,100,Y,35.333333,112,6,,122,INSTRUMENT MET ONE 4 MODELS - BETA ATTENUATION,WASHINGTON HS,3535 E. 114TH ST.,Illinois,Cook,Chicago,16980,"Chicago-Naperville-Elgin, IL-IN-WI",2022-10-12
17,031,0022,81102,4,41.687165,-87.539315,WGS84,PM10 Total 0-10um STP,1,1 HOUR,,2022-06-18,Micrograms/cubic meter (25 C),No Events,24,100,Y,17.125,23,14,,122,INSTRUMENT MET ONE 4 MODELS - BETA ATTENUATION,WASHINGTON HS,3535 E. 114TH ST.,Illinois,Cook,Chicago,16980,"Chicago-Naperville-Elgin, IL-IN-WI",2022-10-12
17,031,0022,81102,4,41.687165,-87.539315,WGS84,PM10 Total 0-10um STP,1,1 HOUR,,2022-06-19,Micrograms/cubic meter (25 C),No Events,24,100,Y,24.416667,40,14,,122,INSTRUMENT MET ONE 4 MODELS - BETA ATTENUATION,WASHINGTON HS,3535 E. 114TH ST.,Illinois,Cook,Chicago,16980,"Chicago-Naperville-Elgin, IL-IN-WI",2022-10-12
17,031,0022,81102,4,41.687165,-87.539315,WGS84,PM10 Total 0-10um STP,1,1 HOUR,,2022-06-20,Micrograms/cubic meter (25 C),No Events,24,100,Y,46.666667,92,8,,122,INSTRUMENT MET ONE 4 MODELS - BETA ATTENUATION,WASHINGTON HS,3535 E. 114TH ST.,Illinois,Cook,Chicago,16980,"Chicago-Naperville-Elgin, IL-IN-WI",2022-10-12
17,031,0022,81102,4,41.687165,-87.539315,WGS84,PM10 Total 0-10um STP,1,1 HOUR,,2022-06-21,Micrograms/cubic meter (25 C),No Events,24,100,Y,66.625,125,14,,122,INSTRUMENT MET ONE 4 MODELS - BETA ATTENUATION,WASHINGTON HS,3535 E. 114TH ST.,Illinois,Cook,Chicago,16980,"Chicago-Naperville-Elgin, IL-IN-WI",2022-10-12
17,031,0022,81102,4,41.687165,-87.539315,WGS84,PM10 Total 0-10um STP,1,1 HOUR,,2022-06-22,Micrograms/cubic meter (25 C),No Events,24,100,Y,31.166667,49,12,,122,INSTRUMENT MET ONE 4 MODELS - BETA ATTENUATION,WASHINGTON HS,3535 E. 114TH ST.,Illinois,Cook,Chicago,16980,"Chicago-Naperville-Elgin, IL-IN-WI",2022-10-12
17,031,0022,81102,4,41.687165,-87.539315,WGS84,PM10 Total 0-10um STP,1,1 HOUR,,2022-06-23,Micrograms/cubic meter (25 C),No Events,24,100,Y,27.833333,65,21,,122,INSTRUMENT MET ONE 4 MODELS - BETA ATTENUATION,WASHINGTON HS,3535 E. 114TH ST.,Illinois,Cook,Chicago,16980,"Chicago-Naperville-Elgin, IL-IN-WI",2022-10-12
17,031,0022,81102,4,41.687165,-87.539315,WGS84,PM10 Total 0-10um STP,1,1 HOUR,,2022-06-24,Micrograms/cubic meter (25 C),No Events,24,100,Y,41.875,75,10,,122,INSTRUMENT MET ONE 4 MODELS - BETA ATTENUATION,WASHINGTON HS,3535 E. 114TH ST.,Illinois,Cook,Chicago,16980,"Chicago-Naperville-Elgin, IL-IN-WI",2022-10-12
17,031,0022,81102,4,41.687165,-87.539315,WGS84,PM10 Total 0-10um STP,1,1 HOUR,,2022-06-25,Micrograms/cubic meter (25 C),No Events,24,100,Y,28.583333,65,9,,122,INSTRUMENT MET ONE 4 MODELS - BETA ATTENUATION,WASHINGTON HS,3535 E. 114TH ST.,Illinois,Cook,Chicago,16980,"Chicago-Naperville-Elgin, IL-IN-WI",2022-10-12
17,031,0022,81102,4,41.687165,-87.539315,WGS84,PM10 Total 0-10um STP,1,1 HOUR,,2022-06-26,Micrograms/cubic meter (25 C),No Events,24,100,Y,24.75,32,11,,122,INSTRUMENT MET ONE 4 MODELS - BETA ATTENUATION,WASHINGTON HS,3535 E. 114TH ST.,Illinois,Cook,Chicago,16980,"Chicago-Naperville-Elgin, IL-IN-WI",2022-10-12
17,031,0022,81102,4,41.687165,-87.539315,WGS84,PM10 Total 0-10um STP,1,1 HOUR,,2022-06-27,Micrograms/cubic meter (25 C),No Events,24,100,Y,22.708333,32,10,,122,INSTRUMENT MET ONE 4 MODELS - BETA ATTENUATION,WASHINGTON HS,3535 E. 114TH ST.,Illinois,Cook,Chicago,16980,"Chicago-Naperville-Elgin, IL-IN-WI",2022-10-12
17,031,0022,81102,4,41.687165,-87.539315,WGS84,PM10 Total 0-10um STP,1,1 HOUR,,2022-06-28,Micrograms/cubic meter (25 C),No Events,22,92,Y,42.5,147,21,,122,INSTRUMENT MET ONE 4 MODELS - BETA ATTENUATION,WASHINGTON HS,3535 E. 114TH ST.,Illinois,Cook,Chicago,16980,"Chicago-Naperville-Elgin, IL-IN-WI",2022-10-12
17,031,0022,81102,4,41.687165,-87.539315,WGS84,PM10 Total 0-10um STP,1,1 HOUR,,2022-06-29,Micrograms/cubic meter (25 C),No Events,24,100,Y,55.708333,102,20,,122,INSTRUMENT MET ONE 4 MODELS - BETA ATTENUATION,WASHINGTON HS,3535 E. 114TH ST.,Illinois,Cook,Chicago,16980,"Chicago-Naperville-Elgin, IL-IN-WI",2022-10-12
17,031,0022,81102,4,41.687165,-87.539315,WGS84,PM10 Total 0-10um STP,1,1 HOUR,,2022-06-30,Micrograms/cubic meter (25 C),No Events,24,100,Y,56.125,161,20,,122,INSTRUMENT MET ONE 4 MODELS - BETA ATTENUATION,WASHINGTON HS,3535 E. 114TH ST.,Illinois,Cook,Chicago,16980,"Chicago-Naperville-Elgin, IL-IN-WI",2022-10-12
17,031,0022,81102,4,41.687165,-87.539315,WGS84,PM10 Total 0-10um STP,1,1 HOUR,,2022-07-01,Micrograms/cubic meter (25 C),No Events,24,100,Y,41.625,103,7,,122,INSTRUMENT MET ONE 4 MODELS - BETA ATTENUATION,WASHINGTON HS,3535 E. 114TH ST.,Illinois,Cook,Chicago,16980,"Chicago-Naperville-Elgin, IL-IN-WI",2022-10-12
17,031,0022,81102,4,41.687165,-87.539315,WGS84,PM10 Total 0-10um STP,1,1 HOUR,,2022-07-02,Micrograms/cubic meter (25 C),No Events,24,100,Y,35,57,23,,122,INSTRUMENT MET ONE 4 MODELS - BETA ATTENUATION,WASHINGTON HS,3535 E. 114TH ST.,Illinois,Cook,Chicago,16980,"Chicago-Naperville-Elgin, IL-IN-WI",2022-10-12
17,031,0022,81102,4,41.687165,-87.539315,WGS84,PM10 Total 0-10um STP,1,1 HOUR,,2022-07-03,Micrograms/cubic meter (25 C),No Events,24,100,Y,45.208333,83,21,,122,INSTRUMENT MET ONE 4 MODELS - BETA ATTENUATION,WASHINGTON HS,3535 E. 114TH ST.,Illinois,Cook,Chicago,16980,"Chicago-Naperville-Elgin, IL-IN-WI",2022-10-12
17,031,0022,81102,4,41.687165,-87.539315,WGS84,PM10 Total 0-10um STP,1,1 HOUR,,2022-07-04,Micrograms/cubic meter (25 C),No Events,24,100,Y,38.541667,76,1,,122,INSTRUMENT MET ONE 4 MODELS - BETA ATTENUATION,WASHINGTON HS,3535 E. 114TH ST.,Illinois,Cook,Chicago,16980,"Chicago-Naperville-Elgin, IL-IN-WI",2022-10-12
17,031,0022,81102,4,41.687165,-87.539315,WGS84,PM10 Total 0-10um STP,1,1 HOUR,,2022-07-05,Micrograms/cubic meter (25 C),No Events,24,100,Y,27.458333,71,7,,122,INSTRUMENT MET ONE 4 MODELS - BETA ATTENUATION,WASHINGTON HS,3535 E. 114TH ST.,Illinois,Cook,Chicago,16980,"Chicago-Naperville-Elgin, IL-IN-WI",2022-10-12
17,031,0022,81102,4,41.687165,-87.539315,WGS84,PM10 Total 0-10um STP,1,1 HOUR,,2022-07-06,Micrograms/cubic meter (25 C),No Events,24,100,Y,19.041667,27,16,,122,INSTRUMENT MET ONE 4 MODELS - BETA ATTENUATION,WASHINGTON HS,3535 E. 114TH ST.,Illinois,Cook,Chicago,16980,"Chicago-Naperville-Elgin, IL-IN-WI",2022-10-12
17,031,0022,81102,4,41.687165,-87.539315,WGS84,PM10 Total 0-10um STP,1,1 HOUR,,2022-07-07,Micrograms/cubic meter (25 C),No Events,24,100,Y,25.5,37,10,,122,INSTRUMENT MET ONE 4 MODELS - BETA ATTENUATION,WASHINGTON HS,3535 E. 114TH ST.,Illinois,Cook,Chicago,16980,"Chicago-Naperville-Elgin, IL-IN-WI",2022-10-12
17,031,0022,81102,4,41.687165,-87.539315,WGS84,PM10 Total 0-10um STP,1,1 HOUR,,2022-07-08,Micrograms/cubic meter (25 C),No Events,24,100,Y,24.583333,36,2,,122,INSTRUMENT MET ONE 4 MODELS - BETA ATTENUATION,WASHINGTON HS,3535 E. 114TH ST.,Illinois,Cook,Chicago,16980,"Chicago-Naperville-Elgin, IL-IN-WI",2022-10-12
17,031,0022,81102,4,41.687165,-87.539315,WGS84,PM10 Total 0-10um STP,1,1 HOUR,,2022-07-09,Micrograms/cubic meter (25 C),No Events,24,100,Y,18.833333,25,9,,122,INSTRUMENT MET ONE 4 MODELS - BETA ATTENUATION,WASHINGTON HS,3535 E. 114TH ST.,Illinois,Cook,Chicago,16980,"Chicago-Naperville-Elgin, IL-IN-WI",2022-10-12
17,031,0022,81102,4,41.687165,-87.539315,WGS84,PM10 Total 0-10um STP,1,1 HOUR,,2022-07-10,Micrograms/cubic meter (25 C),No Events,24,100,Y,27.25,50,15,,122,INSTRUMENT MET ONE 4 MODELS - BETA ATTENUATION,WASHINGTON HS,3535 E. 114TH ST.,Illinois,Cook,Chicago,16980,"Chicago-Naperville-Elgin, IL-IN-WI",2022-10-12
17,031,0022,81102,4,41.687165,-87.539315,WGS84,PM10 Total 0-10um STP,1,1 HOUR,,2022-07-11,Micrograms/cubic meter (25 C),No Events,24,100,Y,39.75,94,8,,122,INSTRUMENT MET ONE 4 MODELS - BETA ATTENUATION,WASHINGTON HS,3535 E. 114TH ST.,Illinois,Cook,Chicago,16980,"Chicago-Naperville-Elgin, IL-IN-WI",2022-10-12
17,031,0022,81102,4,41.687165,-87.539315,WGS84,PM10 Total 0-10um STP,1,1 HOUR,,2022-07-12,Micrograms/cubic meter (25 C),No Events,24,100,Y,31.25,97,22,,122,INSTRUMENT MET ONE 4 MODELS - BETA ATTENUATION,WASHINGTON HS,3535 E. 114TH ST.,Illinois,Cook,Chicago,16980,"Chicago-Naperville-Elgin, IL-IN-WI",2022-10-12
17,031,0022,81102,4,41.687165,-87.539315,WGS84,PM10 Total 0-10um STP,1,1 HOUR,,2022-07-13,Micrograms/cubic meter (25 C),No Events,24,100,Y,31.166667,88,7,,122,INSTRUMENT MET ONE 4 MODELS - BETA ATTENUATION,WASHINGTON HS,3535 E. 114TH ST.,Illinois,Cook,Chicago,16980,"Chicago-Naperville-Elgin, IL-IN-WI",2022-10-12
17,031,0022,81102,4,41.687165,-87.539315,WGS84,PM10 Total 0-10um STP,1,1 HOUR,,2022-07-14,Micrograms/cubic meter (25 C),No Events,24,100,Y,26.333333,62,6,,122,INSTRUMENT MET ONE 4 MODELS - BETA ATTENUATION,WASHINGTON HS,3535 E. 114TH ST.,Illinois,Cook,Chicago,16980,"Chicago-Naperville-Elgin, IL-IN-WI",2022-10-12
17,031,0022,81102,4,41.687165,-87.539315,WGS84,PM10 Total 0-10um STP,1,1 HOUR,,2022-07-15,Micrograms/cubic meter (25 C),No Events,24,100,Y,27.666667,55,8,,122,INSTRUMENT MET ONE 4 MODELS - BETA ATTENUATION,WASHINGTON HS,3535 E. 114TH ST.,Illinois,Cook,Chicago,16980,"Chicago-Naperville-Elgin, IL-IN-WI",2022-10-12
17,031,0022,81102,4,41.687165,-87.539315,WGS84,PM10 Total 0-10um STP,1,1 HOUR,,2022-07-16,Micrograms/cubic meter (25 C),No Events,24,100,Y,20.625,36,0,,122,INSTRUMENT MET ONE 4 MODELS - BETA ATTENUATION,WASHINGTON HS,3535 E. 114TH ST.,Illinois,Cook,Chicago,16980,"Chicago-Naperville-Elgin, IL-IN-WI",2022-10-12
17,031,0022,81102,4,41.687165,-87.539315,WGS84,PM10 Total 0-10um STP,1,1 HOUR,,2022-07-17,Micrograms/cubic meter (25 C),No Events,24,100,Y,23.291667,33,10,,122,INSTRUMENT MET ONE 4 MODELS - BETA ATTENUATION,WASHINGTON HS,3535 E. 114TH ST.,Illinois,Cook,Chicago,16980,"Chicago-Naperville-Elgin, IL-IN-WI",2022-10-12
17,031,0022,81102,4,41.687165,-87.539315,WGS84,PM10 Total 0-10um STP,1,1 HOUR,,2022-07-18,Micrograms/cubic meter (25 C),No Events,24,100,Y,31.708333,72,21,,122,INSTRUMENT MET ONE 4 MODELS - BETA ATTENUATION,WASHINGTON HS,3535 E. 114TH ST.,Illinois,Cook,Chicago,16980,"Chicago-Naperville-Elgin, IL-IN-WI",2022-10-12
17,031,0022,81102,4,41.687165,-87.539315,WGS84,PM10 Total 0-10um STP,1,1 HOUR,,2022-07-19,Micrograms/cubic meter (25 C),No Events,24,100,Y,36.541667,55,5,,122,INSTRUMENT MET ONE 4 MODELS - BETA ATTENUATION,WASHINGTON HS,3535 E. 114TH ST.,Illinois,Cook,Chicago,16980,"Chicago-Naperville-Elgin, IL-IN-WI",2022-10-12
17,031,0022,81102,4,41.687165,-87.539315,WGS84,PM10 Total 0-10um STP,1,1 HOUR,,2022-07-20,Micrograms/cubic meter (25 C),No Events,24,100,Y,50.958333,98,13,,122,INSTRUMENT MET ONE 4 MODELS - BETA ATTENUATION,WASHINGTON HS,3535 E. 114TH ST.,Illinois,Cook,Chicago,16980,"Chicago-Naperville-Elgin, IL-IN-WI",2022-10-12
17,031,0022,81102,4,41.687165,-87.539315,WGS84,PM10 Total 0-10um STP,1,1 HOUR,,2022-07-21,Micrograms/cubic meter (25 C),No Events,24,100,Y,50.833333,95,9,,122,INSTRUMENT MET ONE 4 MODELS - BETA ATTENUATION,WASHINGTON HS,3535 E. 114TH ST.,Illinois,Cook,Chicago,16980,"Chicago-Naperville-Elgin, IL-IN-WI",2022-10-12
17,031,0022,81102,4,41.687165,-87.539315,WGS84,PM10 Total 0-10um STP,1,1 HOUR,,2022-07-22,Micrograms/cubic meter (25 C),No Events,18,75,Y,38.722222,64,10,,122,INSTRUMENT MET ONE 4 MODELS - BETA ATTENUATION,WASHINGTON HS,3535 E. 114TH ST.,Illinois,Cook,Chicago,16980,"Chicago-Naperville-Elgin, IL-IN-WI",2022-10-12
17,031,0022,81102,4,41.687165,-87.539315,WGS84,PM10 Total 0-10um STP,1,1 HOUR,,2022-07-25,Micrograms/cubic meter (25 C),No Events,10,42,N,22.1,36,14,,122,INSTRUMENT MET ONE 4 MODELS - BETA ATTENUATION,WASHINGTON HS,3535 E. 114TH ST.,Illinois,Cook,Chicago,16980,"Chicago-Naperville-Elgin, IL-IN-WI",2022-10-12
17,031,0022,81102,4,41.687165,-87.539315,WGS84,PM10 Total 0-10um STP,1,1 HOUR,,2022-07-26,Micrograms/cubic meter (25 C),No Events,24,100,Y,26.416667,45,19,,122,INSTRUMENT MET ONE 4 MODELS - BETA ATTENUATION,WASHINGTON HS,3535 E. 114TH ST.,Illinois,Cook,Chicago,16980,"Chicago-Naperville-Elgin, IL-IN-WI",2022-10-12
17,031,0022,81102,4,41.687165,-87.539315,WGS84,PM10 Total 0-10um STP,1,1 HOUR,,2022-07-27,Micrograms/cubic meter (25 C),No Events,24,100,Y,32.5,61,12,,122,INSTRUMENT MET ONE 4 MODELS - BETA ATTENUATION,WASHINGTON HS,3535 E. 114TH ST.,Illinois,Cook,Chicago,16980,"Chicago-Naperville-Elgin, IL-IN-WI",2022-10-12
17,031,0022,81102,4,41.687165,-87.539315,WGS84,PM10 Total 0-10um STP,1,1 HOUR,,2022-07-28,Micrograms/cubic meter (25 C),No Events,24,100,Y,34.458333,70,7,,122,INSTRUMENT MET ONE 4 MODELS - BETA ATTENUATION,WASHINGTON HS,3535 E. 114TH ST.,Illinois,Cook,Chicago,16980,"Chicago-Naperville-Elgin, IL-IN-WI",2022-10-12
17,031,0022,81102,4,41.687165,-87.539315,WGS84,PM10 Total 0-10um STP,1,1 HOUR,,2022-07-29,Micrograms/cubic meter (25 C),No Events,24,100,Y,31.375,47,3,,122,INSTRUMENT MET ONE 4 MODELS - BETA ATTENUATION,WASHINGTON HS,3535 E. 114TH ST.,Illinois,Cook,Chicago,16980,"Chicago-Naperville-Elgin, IL-IN-WI",2022-10-12
17,031,0022,81102,4,41.687165,-87.539315,WGS84,PM10 Total 0-10um STP,1,1 HOUR,,2022-07-30,Micrograms/cubic meter (25 C),No Events,24,100,Y,37.416667,94,6,,122,INSTRUMENT MET ONE 4 MODELS - BETA ATTENUATION,WASHINGTON HS,3535 E. 114TH ST.,Illinois,Cook,Chicago,16980,"Chicago-Naperville-Elgin, IL-IN-WI",2022-10-12
17,031,0022,81102,4,41.687165,-87.539315,WGS84,PM10 Total 0-10um STP,1,1 HOUR,,2022-07-31,Micrograms/cubic meter (25 C),No Events,24,100,Y,30.041667,47,0,,122,INSTRUMENT MET ONE 4 MODELS - BETA ATTENUATION,WASHINGTON HS,3535 E. 114TH ST.,Illinois,Cook,Chicago,16980,"Chicago-Naperville-Elgin, IL-IN-WI",2022-10-12
17,031,0022,81102,4,41.687165,-87.539315,WGS84,PM10 Total 0-10um STP,1,1 HOUR,,2022-08-01,Micrograms/cubic meter (25 C),No Events,24,100,Y,38.416667,64,7,,122,INSTRUMENT MET ONE 4 MODELS - BETA ATTENUATION,WASHINGTON HS,3535 E. 114TH ST.,Illinois,Cook,Chicago,16980,"Chicago-Naperville-Elgin, IL-IN-WI",2022-10-12
17,031,0022,81102,4,41.687165,-87.539315,WGS84,PM10 Total 0-10um STP,1,1 HOUR,,2022-08-02,Micrograms/cubic meter (25 C),No Events,24,100,Y,37.083333,95,6,,122,INSTRUMENT MET ONE 4 MODELS - BETA ATTENUATION,WASHINGTON HS,3535 E. 114TH ST.,Illinois,Cook,Chicago,16980,"Chicago-Naperville-Elgin, IL-IN-WI",2022-10-12
17,031,0022,81102,4,41.687165,-87.539315,WGS84,PM10 Total 0-10um STP,1,1 HOUR,,2022-08-03,Micrograms/cubic meter (25 C),No Events,24,100,Y,39,91,13,,122,INSTRUMENT MET ONE 4 MODELS - BETA ATTENUATION,WASHINGTON HS,3535 E. 114TH ST.,Illinois,Cook,Chicago,16980,"Chicago-Naperville-Elgin, IL-IN-WI",2022-10-12
17,031,0022,81102,4,41.687165,-87.539315,WGS84,PM10 Total 0-10um STP,1,1 HOUR,,2022-08-04,Micrograms/cubic meter (25 C),No Events,24,100,Y,30.916667,59,7,,122,INSTRUMENT MET ONE 4 MODELS - BETA ATTENUATION,WASHINGTON HS,3535 E. 114TH ST.,Illinois,Cook,Chicago,16980,"Chicago-Naperville-Elgin, IL-IN-WI",2022-10-12
17,031,0022,81102,4,41.687165,-87.539315,WGS84,PM10 Total 0-10um STP,1,1 HOUR,,2022-08-05,Micrograms/cubic meter (25 C),No Events,23,96,Y,27.434783,57,22,,122,INSTRUMENT MET ONE 4 MODELS - BETA ATTENUATION,WASHINGTON HS,3535 E. 114TH ST.,Illinois,Cook,Chicago,16980,"Chicago-Naperville-Elgin, IL-IN-WI",2022-10-12
17,031,0022,81102,4,41.687165,-87.539315,WGS84,PM10 Total 0-10um STP,1,1 HOUR,,2022-08-06,Micrograms/cubic meter (25 C),No Events,21,88,Y,32.761905,75,8,,122,INSTRUMENT MET ONE 4 MODELS - BETA ATTENUATION,WASHINGTON HS,3535 E. 114TH ST.,Illinois,Cook,Chicago,16980,"Chicago-Naperville-Elgin, IL-IN-WI",2022-10-12
17,031,0022,81102,4,41.687165,-87.539315,WGS84,PM10 Total 0-10um STP,1,1 HOUR,,2022-08-07,Micrograms/cubic meter (25 C),No Events,24,100,Y,22.958333,38,15,,122,INSTRUMENT MET ONE 4 MODELS - BETA ATTENUATION,WASHINGTON HS,3535 E. 114TH ST.,Illinois,Cook,Chicago,16980,"Chicago-Naperville-Elgin, IL-IN-WI",2022-10-12
17,031,0022,81102,4,41.687165,-87.539315,WGS84,PM10 Total 0-10um STP,1,1 HOUR,,2022-08-08,Micrograms/cubic meter (25 C),No Events,24,100,Y,23.625,49,6,,122,INSTRUMENT MET ONE 4 MODELS - BETA ATTENUATION,WASHINGTON HS,3535 E. 114TH ST.,Illinois,Cook,Chicago,16980,"Chicago-Naperville-Elgin, IL-IN-WI",2022-10-12
17,031,0022,81102,4,41.687165,-87.539315,WGS84,PM10 Total 0-10um STP,1,1 HOUR,,2022-08-09,Micrograms/cubic meter (25 C),No Events,22,92,Y,17.5,26,7,,122,INSTRUMENT MET ONE 4 MODELS - BETA ATTENUATION,WASHINGTON HS,3535 E. 114TH ST.,Illinois,Cook,Chicago,16980,"Chicago-Naperville-Elgin, IL-IN-WI",2022-10-12
17,031,0022,81102,4,41.687165,-87.539315,WGS84,PM10 Total 0-10um STP,1,1 HOUR,,2022-08-10,Micrograms/cubic meter (25 C),No Events,24,100,Y,41.791667,80,0,,122,INSTRUMENT MET ONE 4 MODELS - BETA ATTENUATION,WASHINGTON HS,3535 E. 114TH ST.,Illinois,Cook,Chicago,16980,"Chicago-Naperville-Elgin, IL-IN-WI",2022-10-12
17,031,0022,81102,4,41.687165,-87.539315,WGS84,PM10 Total 0-10um STP,1,1 HOUR,,2022-08-11,Micrograms/cubic meter (25 C),No Events,24,100,Y,24.25,36,0,,122,INSTRUMENT MET ONE 4 MODELS - BETA ATTENUATION,WASHINGTON HS,3535 E. 114TH ST.,Illinois,Cook,Chicago,16980,"Chicago-Naperville-Elgin, IL-IN-WI",2022-10-12
17,031,0022,81102,4,41.687165,-87.539315,WGS84,PM10 Total 0-10um STP,1,1 HOUR,,2022-08-12,Micrograms/cubic meter (25 C),No Events,24,100,Y,33.416667,57,12,,122,INSTRUMENT MET ONE 4 MODELS - BETA ATTENUATION,WASHINGTON HS,3535 E. 114TH ST.,Illinois,Cook,Chicago,16980,"Chicago-Naperville-Elgin, IL-IN-WI",2022-10-12
17,031,0022,81102,4,41.687165,-87.539315,WGS84,PM10 Total 0-10um STP,1,1 HOUR,,2022-08-13,Micrograms/cubic meter (25 C),No Events,24,100,Y,30.458333,39,10,,122,INSTRUMENT MET ONE 4 MODELS - BETA ATTENUATION,WASHINGTON HS,3535 E. 114TH ST.,Illinois,Cook,Chicago,16980,"Chicago-Naperville-Elgin, IL-IN-WI",2022-10-12
17,031,0022,81102,4,41.687165,-87.539315,WGS84,PM10 Total 0-10um STP,1,1 HOUR,,2022-08-14,Micrograms/cubic meter (25 C),No Events,24,100,Y,26.125,45,10,,122,INSTRUMENT MET ONE 4 MODELS - BETA ATTENUATION,WASHINGTON HS,3535 E. 114TH ST.,Illinois,Cook,Chicago,16980,"Chicago-Naperville-Elgin, IL-IN-WI",2022-10-12
17,031,0022,81102,4,41.687165,-87.539315,WGS84,PM10 Total 0-10um STP,1,1 HOUR,,2022-08-15,Micrograms/cubic meter (25 C),No Events,24,100,Y,25.625,33,11,,122,INSTRUMENT MET ONE 4 MODELS - BETA ATTENUATION,WASHINGTON HS,3535 E. 114TH ST.,Illinois,Cook,Chicago,16980,"Chicago-Naperville-Elgin, IL-IN-WI",2022-10-12
17,031,0022,81102,4,41.687165,-87.539315,WGS84,PM10 Total 0-10um STP,1,1 HOUR,,2022-08-16,Micrograms/cubic meter (25 C),No Events,24,100,Y,24.291667,36,7,,122,INSTRUMENT MET ONE 4 MODELS - BETA ATTENUATION,WASHINGTON HS,3535 E. 114TH ST.,Illinois,Cook,Chicago,16980,"Chicago-Naperville-Elgin, IL-IN-WI",2022-10-12
17,031,0022,81102,4,41.687165,-87.539315,WGS84,PM10 Total 0-10um STP,1,1 HOUR,,2022-08-17,Micrograms/cubic meter (25 C),No Events,24,100,Y,28.833333,60,6,,122,INSTRUMENT MET ONE 4 MODELS - BETA ATTENUATION,WASHINGTON HS,3535 E. 114TH ST.,Illinois,Cook,Chicago,16980,"Chicago-Naperville-Elgin, IL-IN-WI",2022-10-12
17,031,0022,81102,4,41.687165,-87.539315,WGS84,PM10 Total 0-10um STP,1,1 HOUR,,2022-08-18,Micrograms/cubic meter (25 C),No Events,24,100,Y,46.958333,119,7,,122,INSTRUMENT MET ONE 4 MODELS - BETA ATTENUATION,WASHINGTON HS,3535 E. 114TH ST.,Illinois,Cook,Chicago,16980,"Chicago-Naperville-Elgin, IL-IN-WI",2022-10-12
17,031,0022,81102,4,41.687165,-87.539315,WGS84,PM10 Total 0-10um STP,1,1 HOUR,,2022-08-19,Micrograms/cubic meter (25 C),No Events,24,100,Y,40.791667,95,10,,122,INSTRUMENT MET ONE 4 MODELS - BETA ATTENUATION,WASHINGTON HS,3535 E. 114TH ST.,Illinois,Cook,Chicago,16980,"Chicago-Naperville-Elgin, IL-IN-WI",2022-10-12
17,031,0022,81102,4,41.687165,-87.539315,WGS84,PM10 Total 0-10um STP,1,1 HOUR,,2022-08-20,Micrograms/cubic meter (25 C),No Events,24,100,Y,26.25,41,14,,122,INSTRUMENT MET ONE 4 MODELS - BETA ATTENUATION,WASHINGTON HS,3535 E. 114TH ST.,Illinois,Cook,Chicago,16980,"Chicago-Naperville-Elgin, IL-IN-WI",2022-10-12
17,031,0022,81102,4,41.687165,-87.539315,WGS84,PM10 Total 0-10um STP,1,1 HOUR,,2022-08-21,Micrograms/cubic meter (25 C),No Events,24,100,Y,23.25,41,9,,122,INSTRUMENT MET ONE 4 MODELS - BETA ATTENUATION,WASHINGTON HS,3535 E. 114TH ST.,Illinois,Cook,Chicago,16980,"Chicago-Naperville-Elgin, IL-IN-WI",2022-10-12
17,031,0022,81102,4,41.687165,-87.539315,WGS84,PM10 Total 0-10um STP,1,1 HOUR,,2022-08-22,Micrograms/cubic meter (25 C),No Events,24,100,Y,24.791667,50,7,,122,INSTRUMENT MET ONE 4 MODELS - BETA ATTENUATION,WASHINGTON HS,3535 E. 114TH ST.,Illinois,Cook,Chicago,16980,"Chicago-Naperville-Elgin, IL-IN-WI",2022-10-12
17,031,0022,81102,4,41.687165,-87.539315,WGS84,PM10 Total 0-10um STP,1,1 HOUR,,2022-08-23,Micrograms/cubic meter (25 C),No Events,22,92,Y,33.272727,64,22,,122,INSTRUMENT MET ONE 4 MODELS - BETA ATTENUATION,WASHINGTON HS,3535 E. 114TH ST.,Illinois,Cook,Chicago,16980,"Chicago-Naperville-Elgin, IL-IN-WI",2022-10-12
17,031,0022,81102,4,41.687165,-87.539315,WGS84,PM10 Total 0-10um STP,1,1 HOUR,,2022-08-24,Micrograms/cubic meter (25 C),No Events,24,100,Y,49.666667,91,22,,122,INSTRUMENT MET ONE 4 MODELS - BETA ATTENUATION,WASHINGTON HS,3535 E. 114TH ST.,Illinois,Cook,Chicago,16980,"Chicago-Naperville-Elgin, IL-IN-WI",2022-10-12
17,031,0022,81102,4,41.687165,-87.539315,WGS84,PM10 Total 0-10um STP,1,1 HOUR,,2022-08-25,Micrograms/cubic meter (25 C),No Events,24,100,Y,43,85,7,,122,INSTRUMENT MET ONE 4 MODELS - BETA ATTENUATION,WASHINGTON HS,3535 E. 114TH ST.,Illinois,Cook,Chicago,16980,"Chicago-Naperville-Elgin, IL-IN-WI",2022-10-12
17,031,0022,81102,4,41.687165,-87.539315,WGS84,PM10 Total 0-10um STP,1,1 HOUR,,2022-08-26,Micrograms/cubic meter (25 C),No Events,24,100,Y,21.041667,28,14,,122,INSTRUMENT MET ONE 4 MODELS - BETA ATTENUATION,WASHINGTON HS,3535 E. 114TH ST.,Illinois,Cook,Chicago,16980,"Chicago-Naperville-Elgin, IL-IN-WI",2022-10-12
17,031,0022,81102,4,41.687165,-87.539315,WGS84,PM10 Total 0-10um STP,1,1 HOUR,,2022-08-27,Micrograms/cubic meter (25 C),No Events,24,100,Y,31.625,63,2,,122,INSTRUMENT MET ONE 4 MODELS - BETA ATTENUATION,WASHINGTON HS,3535 E. 114TH ST.,Illinois,Cook,Chicago,16980,"Chicago-Naperville-Elgin, IL-IN-WI",2022-10-12
17,031,0022,81102,4,41.687165,-87.539315,WGS84,PM10 Total 0-10um STP,1,1 HOUR,,2022-08-28,Micrograms/cubic meter (25 C),No Events,24,100,Y,32.958333,71,10,,122,INSTRUMENT MET ONE 4 MODELS - BETA ATTENUATION,WASHINGTON HS,3535 E. 114TH ST.,Illinois,Cook,Chicago,16980,"Chicago-Naperville-Elgin, IL-IN-WI",2022-10-12
17,031,0022,81102,4,41.687165,-87.539315,WGS84,PM10 Total 0-10um STP,1,1 HOUR,,2022-08-29,Micrograms/cubic meter (25 C),No Events,24,100,Y,33,90,12,,122,INSTRUMENT MET ONE 4 MODELS - BETA ATTENUATION,WASHINGTON HS,3535 E. 114TH ST.,Illinois,Cook,Chicago,16980,"Chicago-Naperville-Elgin, IL-IN-WI",2022-10-12
17,031,0022,81102,4,41.687165,-87.539315,WGS84,PM10 Total 0-10um STP,1,1 HOUR,,2022-08-30,Micrograms/cubic meter (25 C),No Events,24,100,Y,35.125,58,11,,122,INSTRUMENT MET ONE 4 MODELS - BETA ATTENUATION,WASHINGTON HS,3535 E. 114TH ST.,Illinois,Cook,Chicago,16980,"Chicago-Naperville-Elgin, IL-IN-WI",2022-10-12
17,031,0022,81102,4,41.687165,-87.539315,WGS84,PM10 Total 0-10um STP,1,1 HOUR,,2022-08-31,Micrograms/cubic meter (25 C),No Events,24,100,Y,40.125,70,7,,122,INSTRUMENT MET ONE 4 MODELS - BETA ATTENUATION,WASHINGTON HS,3535 E. 114TH ST.,Illinois,Cook,Chicago,16980,"Chicago-Naperville-Elgin, IL-IN-WI",2022-10-12
17,031,0022,81102,4,41.687165,-87.539315,WGS84,PM10 Total 0-10um STP,1,1 HOUR,,2022-09-01,Micrograms/cubic meter (25 C),No Events,24,100,Y,59.791667,110,19,,122,INSTRUMENT MET ONE 4 MODELS - BETA ATTENUATION,WASHINGTON HS,3535 E. 114TH ST.,Illinois,Cook,Chicago,16980,"Chicago-Naperville-Elgin, IL-IN-WI",2022-10-12
17,031,0022,81102,4,41.687165,-87.539315,WGS84,PM10 Total 0-10um STP,1,1 HOUR,,2022-09-02,Micrograms/cubic meter (25 C),No Events,24,100,Y,44.041667,90,7,,122,INSTRUMENT MET ONE 4 MODELS - BETA ATTENUATION,WASHINGTON HS,3535 E. 114TH ST.,Illinois,Cook,Chicago,16980,"Chicago-Naperville-Elgin, IL-IN-WI",2022-10-12
17,031,0022,81102,4,41.687165,-87.539315,WGS84,PM10 Total 0-10um STP,1,1 HOUR,,2022-09-03,Micrograms/cubic meter (25 C),No Events,24,100,Y,32.708333,51,1,,122,INSTRUMENT MET ONE 4 MODELS - BETA ATTENUATION,WASHINGTON HS,3535 E. 114TH ST.,Illinois,Cook,Chicago,16980,"Chicago-Naperville-Elgin, IL-IN-WI",2022-10-12
17,031,0022,81102,4,41.687165,-87.539315,WGS84,PM10 Total 0-10um STP,1,1 HOUR,,2022-09-04,Micrograms/cubic meter (25 C),No Events,24,100,Y,22.041667,28,7,,122,INSTRUMENT MET ONE 4 MODELS - BETA ATTENUATION,WASHINGTON HS,3535 E. 114TH ST.,Illinois,Cook,Chicago,16980,"Chicago-Naperville-Elgin, IL-IN-WI",2022-10-12
17,031,0022,81102,4,41.687165,-87.539315,WGS84,PM10 Total 0-10um STP,1,1 HOUR,,2022-09-05,Micrograms/cubic meter (25 C),No Events,24,100,Y,21.416667,29,2,,122,INSTRUMENT MET ONE 4 MODELS - BETA ATTENUATION,WASHINGTON HS,3535 E. 114TH ST.,Illinois,Cook,Chicago,16980,"Chicago-Naperville-Elgin, IL-IN-WI",2022-10-12
17,031,0022,81102,4,41.687165,-87.539315,WGS84,PM10 Total 0-10um STP,1,1 HOUR,,2022-09-06,Micrograms/cubic meter (25 C),No Events,24,100,Y,26.958333,69,9,,122,INSTRUMENT MET ONE 4 MODELS - BETA ATTENUATION,WASHINGTON HS,3535 E. 114TH ST.,Illinois,Cook,Chicago,16980,"Chicago-Naperville-Elgin, IL-IN-WI",2022-10-12
17,031,0022,81102,4,41.687165,-87.539315,WGS84,PM10 Total 0-10um STP,1,1 HOUR,,2022-09-07,Micrograms/cubic meter (25 C),No Events,24,100,Y,33.791667,169,21,,122,INSTRUMENT MET ONE 4 MODELS - BETA ATTENUATION,WASHINGTON HS,3535 E. 114TH ST.,Illinois,Cook,Chicago,16980,"Chicago-Naperville-Elgin, IL-IN-WI",2022-10-12
17,031,0022,81102,4,41.687165,-87.539315,WGS84,PM10 Total 0-10um STP,1,1 HOUR,,2022-09-08,Micrograms/cubic meter (25 C),No Events,24,100,Y,59.791667,183,7,,122,INSTRUMENT MET ONE 4 MODELS - BETA ATTENUATION,WASHINGTON HS,3535 E. 114TH ST.,Illinois,Cook,Chicago,16980,"Chicago-Naperville-Elgin, IL-IN-WI",2022-10-12
17,031,0022,81102,4,41.687165,-87.539315,WGS84,PM10 Total 0-10um STP,1,1 HOUR,,2022-09-09,Micrograms/cubic meter (25 C),No Events,24,100,Y,40.125,75,23,,122,INSTRUMENT MET ONE 4 MODELS - BETA ATTENUATION,WASHINGTON HS,3535 E. 114TH ST.,Illinois,Cook,Chicago,16980,"Chicago-Naperville-Elgin, IL-IN-WI",2022-10-12
17,031,0022,81102,4,41.687165,-87.539315,WGS84,PM10 Total 0-10um STP,1,1 HOUR,,2022-09-10,Micrograms/cubic meter (25 C),No Events,24,100,Y,54.5,119,8,,122,INSTRUMENT MET ONE 4 MODELS - BETA ATTENUATION,WASHINGTON HS,3535 E. 114TH ST.,Illinois,Cook,Chicago,16980,"Chicago-Naperville-Elgin, IL-IN-WI",2022-10-12
17,031,0022,81102,4,41.687165,-87.539315,WGS84,PM10 Total 0-10um STP,1,1 HOUR,,2022-09-11,Micrograms/cubic meter (25 C),No Events,24,100,Y,24.708333,51,1,,122,INSTRUMENT MET ONE 4 MODELS - BETA ATTENUATION,WASHINGTON HS,3535 E. 114TH ST.,Illinois,Cook,Chicago,16980,"Chicago-Naperville-Elgin, IL-IN-WI",2022-10-12
17,031,0022,81102,4,41.687165,-87.539315,WGS84,PM10 Total 0-10um STP,1,1 HOUR,,2022-09-12,Micrograms/cubic meter (25 C),No Events,24,100,Y,24.708333,37,22,,122,INSTRUMENT MET ONE 4 MODELS - BETA ATTENUATION,WASHINGTON HS,3535 E. 114TH ST.,Illinois,Cook,Chicago,16980,"Chicago-Naperville-Elgin, IL-IN-WI",2022-10-12
17,031,0022,81102,4,41.687165,-87.539315,WGS84,PM10 Total 0-10um STP,1,1 HOUR,,2022-09-13,Micrograms/cubic meter (25 C),No Events,24,100,Y,28.166667,51,22,,122,INSTRUMENT MET ONE 4 MODELS - BETA ATTENUATION,WASHINGTON HS,3535 E. 114TH ST.,Illinois,Cook,Chicago,16980,"Chicago-Naperville-Elgin, IL-IN-WI",2022-10-12
17,031,0022,81102,4,41.687165,-87.539315,WGS84,PM10 Total 0-10um STP,1,1 HOUR,,2022-09-14,Micrograms/cubic meter (25 C),No Events,24,100,Y,42.625,94,7,,122,INSTRUMENT MET ONE 4 MODELS - BETA ATTENUATION,WASHINGTON HS,3535 E. 114TH ST.,Illinois,Cook,Chicago,16980,"Chicago-Naperville-Elgin, IL-IN-WI",2022-10-12
17,031,0022,81102,4,41.687165,-87.539315,WGS84,PM10 Total 0-10um STP,1,1 HOUR,,2022-09-15,Micrograms/cubic meter (25 C),No Events,24,100,Y,35.708333,60,12,,122,INSTRUMENT MET ONE 4 MODELS - BETA ATTENUATION,WASHINGTON HS,3535 E. 114TH ST.,Illinois,Cook,Chicago,16980,"Chicago-Naperville-Elgin, IL-IN-WI",2022-10-12
17,031,0022,81102,4,41.687165,-87.539315,WGS84,PM10 Total 0-10um STP,1,1 HOUR,,2022-09-16,Micrograms/cubic meter (25 C),No Events,24,100,Y,40.041667,93,10,,122,INSTRUMENT MET ONE 4 MODELS - BETA ATTENUATION,WASHINGTON HS,3535 E. 114TH ST.,Illinois,Cook,Chicago,16980,"Chicago-Naperville-Elgin, IL-IN-WI",2022-10-12
17,031,0022,81102,4,41.687165,-87.539315,WGS84,PM10 Total 0-10um STP,1,1 HOUR,,2022-09-17,Micrograms/cubic meter (25 C),No Events,24,100,Y,44.75,84,11,,122,INSTRUMENT MET ONE 4 MODELS - BETA ATTENUATION,WASHINGTON HS,3535 E. 114TH ST.,Illinois,Cook,Chicago,16980,"Chicago-Naperville-Elgin, IL-IN-WI",2022-10-12
17,031,0022,81102,4,41.687165,-87.539315,WGS84,PM10 Total 0-10um STP,1,1 HOUR,,2022-09-18,Micrograms/cubic meter (25 C),No Events,24,100,Y,31.708333,47,11,,122,INSTRUMENT MET ONE 4 MODELS - BETA ATTENUATION,WASHINGTON HS,3535 E. 114TH ST.,Illinois,Cook,Chicago,16980,"Chicago-Naperville-Elgin, IL-IN-WI",2022-10-12
17,031,0022,81102,4,41.687165,-87.539315,WGS84,PM10 Total 0-10um STP,1,1 HOUR,,2022-09-19,Micrograms/cubic meter (25 C),No Events,24,100,Y,22.041667,36,20,,122,INSTRUMENT MET ONE 4 MODELS - BETA ATTENUATION,WASHINGTON HS,3535 E. 114TH ST.,Illinois,Cook,Chicago,16980,"Chicago-Naperville-Elgin, IL-IN-WI",2022-10-12
17,031,0022,81102,4,41.687165,-87.539315,WGS84,PM10 Total 0-10um STP,1,1 HOUR,,2022-09-20,Micrograms/cubic meter (25 C),No Events,24,100,Y,51.5,138,20,,122,INSTRUMENT MET ONE 4 MODELS - BETA ATTENUATION,WASHINGTON HS,3535 E. 114TH ST.,Illinois,Cook,Chicago,16980,"Chicago-Naperville-Elgin, IL-IN-WI",2022-10-12
17,031,0022,81102,4,41.687165,-87.539315,WGS84,PM10 Total 0-10um STP,1,1 HOUR,,2022-09-21,Micrograms/cubic meter (25 C),No Events,24,100,Y,47.875,97,7,,122,INSTRUMENT MET ONE 4 MODELS - BETA ATTENUATION,WASHINGTON HS,3535 E. 114TH ST.,Illinois,Cook,Chicago,16980,"Chicago-Naperville-Elgin, IL-IN-WI",2022-10-12
17,031,0022,81102,4,41.687165,-87.539315,WGS84,PM10 Total 0-10um STP,1,1 HOUR,,2022-09-22,Micrograms/cubic meter (25 C),No Events,23,96,Y,24,36,1,,122,INSTRUMENT MET ONE 4 MODELS - BETA ATTENUATION,WASHINGTON HS,3535 E. 114TH ST.,Illinois,Cook,Chicago,16980,"Chicago-Naperville-Elgin, IL-IN-WI",2022-10-12
17,031,0022,81102,4,41.687165,-87.539315,WGS84,PM10 Total 0-10um STP,1,1 HOUR,,2022-09-23,Micrograms/cubic meter (25 C),No Events,24,100,Y,21.25,39,5,,122,INSTRUMENT MET ONE 4 MODELS - BETA ATTENUATION,WASHINGTON HS,3535 E. 114TH ST.,Illinois,Cook,Chicago,16980,"Chicago-Naperville-Elgin, IL-IN-WI",2022-10-12
17,031,0022,81102,4,41.687165,-87.539315,WGS84,PM10 Total 0-10um STP,1,1 HOUR,,2022-09-24,Micrograms/cubic meter (25 C),No Events,24,100,Y,18.958333,41,22,,122,INSTRUMENT MET ONE 4 MODELS - BETA ATTENUATION,WASHINGTON HS,3535 E. 114TH ST.,Illinois,Cook,Chicago,16980,"Chicago-Naperville-Elgin, IL-IN-WI",2022-10-12
17,031,0022,81102,4,41.687165,-87.539315,WGS84,PM10 Total 0-10um STP,1,1 HOUR,,2022-09-25,Micrograms/cubic meter (25 C),No Events,24,100,Y,22.833333,38,0,,122,INSTRUMENT MET ONE 4 MODELS - BETA ATTENUATION,WASHINGTON HS,3535 E. 114TH ST.,Illinois,Cook,Chicago,16980,"Chicago-Naperville-Elgin, IL-IN-WI",2022-10-12
17,031,0022,81102,4,41.687165,-87.539315,WGS84,PM10 Total 0-10um STP,1,1 HOUR,,2022-09-26,Micrograms/cubic meter (25 C),No Events,23,96,Y,21.217391,34,5,,122,INSTRUMENT MET ONE 4 MODELS - BETA ATTENUATION,WASHINGTON HS,3535 E. 114TH ST.,Illinois,Cook,Chicago,16980,"Chicago-Naperville-Elgin, IL-IN-WI",2022-10-12
17,031,0022,81102,4,41.687165,-87.539315,WGS84,PM10 Total 0-10um STP,1,1 HOUR,,2022-09-27,Micrograms/cubic meter (25 C),No Events,24,100,Y,15.75,19,8,,122,INSTRUMENT MET ONE 4 MODELS - BETA ATTENUATION,WASHINGTON HS,3535 E. 114TH ST.,Illinois,Cook,Chicago,16980,"Chicago-Naperville-Elgin, IL-IN-WI",2022-10-12
17,031,0022,81102,4,41.687165,-87.539315,WGS84,PM10 Total 0-10um STP,1,1 HOUR,,2022-09-28,Micrograms/cubic meter (25 C),No Events,23,96,Y,19.565217,34,3,,122,INSTRUMENT MET ONE 4 MODELS - BETA ATTENUATION,WASHINGTON HS,3535 E. 114TH ST.,Illinois,Cook,Chicago,16980,"Chicago-Naperville-Elgin, IL-IN-WI",2022-10-12
17,031,0022,81102,4,41.687165,-87.539315,WGS84,PM10 Total 0-10um STP,1,1 HOUR,,2022-09-29,Micrograms/cubic meter (25 C),No Events,24,100,Y,16.333333,20,6,,122,INSTRUMENT MET ONE 4 MODELS - BETA ATTENUATION,WASHINGTON HS,3535 E. 114TH ST.,Illinois,Cook,Chicago,16980,"Chicago-Naperville-Elgin, IL-IN-WI",2022-10-12
17,031,0022,81102,4,41.687165,-87.539315,WGS84,PM10 Total 0-10um STP,1,1 HOUR,,2022-09-30,Micrograms/cubic meter (25 C),No Events,24,100,Y,16.291667,21,11,,122,INSTRUMENT MET ONE 4 MODELS - BETA ATTENUATION,WASHINGTON HS,3535 E. 114TH ST.,Illinois,Cook,Chicago,16980,"Chicago-Naperville-Elgin, IL-IN-WI",2022-10-12
17,031,0022,81102,4,41.687165,-87.539315,WGS84,PM10 Total 0-10um STP,X,24-HR BLK AVG,PM10 24-hour 2006,2022-05-01,Micrograms/cubic meter (25 C),No Events,1,100,Y,19,19,23,18,122,INSTRUMENT MET ONE 4 MODELS - BETA ATTENUATION,WASHINGTON HS,3535 E. 114TH ST.,Illinois,Cook,Chicago,16980,"Chicago-Naperville-Elgin, IL-IN-WI",2022-10-12
17,031,0022,81102,4,41.687165,-87.539315,WGS84,PM10 Total 0-10um STP,X,24-HR BLK AVG,PM10 24-hour 2006,2022-05-02,Micrograms/cubic meter (25 C),No Events,1,100,Y,25,25,23,23,122,INSTRUMENT MET ONE 4 MODELS - BETA ATTENUATION,WASHINGTON HS,3535 E. 114TH ST.,Illinois,Cook,Chicago,16980,"Chicago-Naperville-Elgin, IL-IN-WI",2022-10-12
17,031,0022,81102,4,41.687165,-87.539315,WGS84,PM10 Total 0-10um STP,X,24-HR BLK AVG,PM10 24-hour 2006,2022-05-07,Micrograms/cubic meter (25 C),No Events,1,100,Y,17,17,23,16,122,INSTRUMENT MET ONE 4 MODELS - BETA ATTENUATION,WASHINGTON HS,3535 E. 114TH ST.,Illinois,Cook,Chicago,16980,"Chicago-Naperville-Elgin, IL-IN-WI",2022-10-12
17,031,0022,81102,4,41.687165,-87.539315,WGS84,PM10 Total 0-10um STP,X,24-HR BLK AVG,PM10 24-hour 2006,2022-05-08,Micrograms/cubic meter (25 C),No Events,1,100,Y,21,21,23,19,122,INSTRUMENT MET ONE 4 MODELS - BETA ATTENUATION,WASHINGTON HS,3535 E. 114TH ST.,Illinois,Cook,Chicago,16980,"Chicago-Naperville-Elgin, IL-IN-WI",2022-10-12
17,031,0022,81102,4,41.687165,-87.539315,WGS84,PM10 Total 0-10um STP,X,24-HR BLK AVG,PM10 24-hour 2006,2022-05-09,Micrograms/cubic meter (25 C),No Events,1,100,Y,31,31,23,29,122,INSTRUMENT MET ONE 4 MODELS - BETA ATTENUATION,WASHINGTON HS,3535 E. 114TH ST.,Illinois,Cook,Chicago,16980,"Chicago-Naperville-Elgin, IL-IN-WI",2022-10-12
17,031,0022,81102,4,41.687165,-87.539315,WGS84,PM10 Total 0-10um STP,X,24-HR BLK AVG,PM10 24-hour 2006,2022-05-10,Micrograms/cubic meter (25 C),No Events,1,100,Y,40,40,23,37,122,INSTRUMENT MET ONE 4 MODELS - BETA ATTENUATION,WASHINGTON HS,3535 E. 114TH ST.,Illinois,Cook,Chicago,16980,"Chicago-Naperville-Elgin, IL-IN-WI",2022-10-12
17,031,0022,81102,4,41.687165,-87.539315,WGS84,PM10 Total 0-10um STP,X,24-HR BLK AVG,PM10 24-hour 2006,2022-05-11,Micrograms/cubic meter (25 C),No Events,1,100,Y,54,54,23,50,122,INSTRUMENT MET ONE 4 MODELS - BETA ATTENUATION,WASHINGTON HS,3535 E. 114TH ST.,Illinois,Cook,Chicago,16980,"Chicago-Naperville-Elgin, IL-IN-WI",2022-10-12
17,031,0022,81102,4,41.687165,-87.539315,WGS84,PM10 Total 0-10um STP,X,24-HR BLK AVG,PM10 24-hour 2006,2022-05-12,Micrograms/cubic meter (25 C),No Events,1,100,Y,55,55,23,51,122,INSTRUMENT MET ONE 4 MODELS - BETA ATTENUATION,WASHINGTON HS,3535 E. 114TH ST.,Illinois,Cook,Chicago,16980,"Chicago-Naperville-Elgin, IL-IN-WI",2022-10-12
17,031,0022,81102,4,41.687165,-87.539315,WGS84,PM10 Total 0-10um STP,X,24-HR BLK AVG,PM10 24-hour 2006,2022-05-13,Micrograms/cubic meter (25 C),No Events,1,100,Y,56,56,23,51,122,INSTRUMENT MET ONE 4 MODELS - BETA ATTENUATION,WASHINGTON HS,3535 E. 114TH ST.,Illinois,Cook,Chicago,16980,"Chicago-Naperville-Elgin, IL-IN-WI",2022-10-12
17,031,0022,81102,4,41.687165,-87.539315,WGS84,PM10 Total 0-10um STP,X,24-HR BLK AVG,PM10 24-hour 2006,2022-05-14,Micrograms/cubic meter (25 C),No Events,1,100,Y,41,41,23,38,122,INSTRUMENT MET ONE 4 MODELS - BETA ATTENUATION,WASHINGTON HS,3535 E. 114TH ST.,Illinois,Cook,Chicago,16980,"Chicago-Naperville-Elgin, IL-IN-WI",2022-10-12
17,031,0022,81102,4,41.687165,-87.539315,WGS84,PM10 Total 0-10um STP,X,24-HR BLK AVG,PM10 24-hour 2006,2022-05-15,Micrograms/cubic meter (25 C),No Events,1,100,Y,28,28,23,26,122,INSTRUMENT MET ONE 4 MODELS - BETA ATTENUATION,WASHINGTON HS,3535 E. 114TH ST.,Illinois,Cook,Chicago,16980,"Chicago-Naperville-Elgin, IL-IN-WI",2022-10-12
17,031,0022,81102,4,41.687165,-87.539315,WGS84,PM10 Total 0-10um STP,X,24-HR BLK AVG,PM10 24-hour 2006,2022-05-16,Micrograms/cubic meter (25 C),No Events,1,100,Y,36,36,23,33,122,INSTRUMENT MET ONE 4 MODELS - BETA ATTENUATION,WASHINGTON HS,3535 E. 114TH ST.,Illinois,Cook,Chicago,16980,"Chicago-Naperville-Elgin, IL-IN-WI",2022-10-12
17,031,0022,81102,4,41.687165,-87.539315,WGS84,PM10 Total 0-10um STP,X,24-HR BLK AVG,PM10 24-hour 2006,2022-05-17,Micrograms/cubic meter (25 C),No Events,1,100,Y,24,24,23,22,122,INSTRUMENT MET ONE 4 MODELS - BETA ATTENUATION,WASHINGTON HS,3535 E. 114TH ST.,Illinois,Cook,Chicago,16980,"Chicago-Naperville-Elgin, IL-IN-WI",2022-10-12
17,031,0022,81102,4,41.687165,-87.539315,WGS84,PM10 Total 0-10um STP,X,24-HR BLK AVG,PM10 24-hour 2006,2022-05-18,Micrograms/cubic meter (25 C),No Events,1,100,Y,29,29,23,27,122,INSTRUMENT MET ONE 4 MODELS - BETA ATTENUATION,WASHINGTON HS,3535 E. 114TH ST.,Illinois,Cook,Chicago,16980,"Chicago-Naperville-Elgin, IL-IN-WI",2022-10-12
17,031,0022,81102,4,41.687165,-87.539315,WGS84,PM10 Total 0-10um STP,X,24-HR BLK AVG,PM10 24-hour 2006,2022-05-19,Micrograms/cubic meter (25 C),No Events,1,100,Y,36,36,23,33,122,INSTRUMENT MET ONE 4 MODELS - BETA ATTENUATION,WASHINGTON HS,3535 E. 114TH ST.,Illinois,Cook,Chicago,16980,"Chicago-Naperville-Elgin, IL-IN-WI",2022-10-12
17,031,0022,81102,4,41.687165,-87.539315,WGS84,PM10 Total 0-10um STP,X,24-HR BLK AVG,PM10 24-hour 2006,2022-05-20,Micrograms/cubic meter (25 C),No Events,1,100,Y,42,42,23,39,122,INSTRUMENT MET ONE 4 MODELS - BETA ATTENUATION,WASHINGTON HS,3535 E. 114TH ST.,Illinois,Cook,Chicago,16980,"Chicago-Naperville-Elgin, IL-IN-WI",2022-10-12
17,031,0022,81102,4,41.687165,-87.539315,WGS84,PM10 Total 0-10um STP,X,24-HR BLK AVG,PM10 24-hour 2006,2022-05-21,Micrograms/cubic meter (25 C),No Events,1,100,Y,18,18,23,17,122,INSTRUMENT MET ONE 4 MODELS - BETA ATTENUATION,WASHINGTON HS,3535 E. 114TH ST.,Illinois,Cook,Chicago,16980,"Chicago-Naperville-Elgin, IL-IN-WI",2022-10-12
17,031,0022,81102,4,41.687165,-87.539315,WGS84,PM10 Total 0-10um STP,X,24-HR BLK AVG,PM10 24-hour 2006,2022-05-22,Micrograms/cubic meter (25 C),No Events,1,100,Y,22,22,23,20,122,INSTRUMENT MET ONE 4 MODELS - BETA ATTENUATION,WASHINGTON HS,3535 E. 114TH ST.,Illinois,Cook,Chicago,16980,"Chicago-Naperville-Elgin, IL-IN-WI",2022-10-12
17,031,0022,81102,4,41.687165,-87.539315,WGS84,PM10 Total 0-10um STP,X,24-HR BLK AVG,PM10 24-hour 2006,2022-05-23,Micrograms/cubic meter (25 C),No Events,1,100,Y,18,18,23,17,122,INSTRUMENT MET ONE 4 MODELS - BETA ATTENUATION,WASHINGTON HS,3535 E. 114TH ST.,Illinois,Cook,Chicago,16980,"Chicago-Naperville-Elgin, IL-IN-WI",2022-10-12
17,031,0022,81102,4,41.687165,-87.539315,WGS84,PM10 Total 0-10um STP,X,24-HR BLK AVG,PM10 24-hour 2006,2022-05-24,Micrograms/cubic meter (25 C),No Events,1,100,Y,24,24,23,22,122,INSTRUMENT MET ONE 4 MODELS - BETA ATTENUATION,WASHINGTON HS,3535 E. 114TH ST.,Illinois,Cook,Chicago,16980,"Chicago-Naperville-Elgin, IL-IN-WI",2022-10-12
17,031,0022,81102,4,41.687165,-87.539315,WGS84,PM10 Total 0-10um STP,X,24-HR BLK AVG,PM10 24-hour 2006,2022-05-25,Micrograms/cubic meter (25 C),No Events,1,100,Y,23,23,23,21,122,INSTRUMENT MET ONE 4 MODELS - BETA ATTENUATION,WASHINGTON HS,3535 E. 114TH ST.,Illinois,Cook,Chicago,16980,"Chicago-Naperville-Elgin, IL-IN-WI",2022-10-12
17,031,0022,81102,4,41.687165,-87.539315,WGS84,PM10 Total 0-10um STP,X,24-HR BLK AVG,PM10 24-hour 2006,2022-05-26,Micrograms/cubic meter (25 C),No Events,1,100,Y,21,21,23,19,122,INSTRUMENT MET ONE 4 MODELS - BETA ATTENUATION,WASHINGTON HS,3535 E. 114TH ST.,Illinois,Cook,Chicago,16980,"Chicago-Naperville-Elgin, IL-IN-WI",2022-10-12
17,031,0022,81102,4,41.687165,-87.539315,WGS84,PM10 Total 0-10um STP,X,24-HR BLK AVG,PM10 24-hour 2006,2022-05-27,Micrograms/cubic meter (25 C),No Events,1,100,Y,15,15,23,14,122,INSTRUMENT MET ONE 4 MODELS - BETA ATTENUATION,WASHINGTON HS,3535 E. 114TH ST.,Illinois,Cook,Chicago,16980,"Chicago-Naperville-Elgin, IL-IN-WI",2022-10-12
17,031,0022,81102,4,41.687165,-87.539315,WGS84,PM10 Total 0-10um STP,X,24-HR BLK AVG,PM10 24-hour 2006,2022-05-28,Micrograms/cubic meter (25 C),No Events,1,100,Y,23,23,23,21,122,INSTRUMENT MET ONE 4 MODELS - BETA ATTENUATION,WASHINGTON HS,3535 E. 114TH ST.,Illinois,Cook,Chicago,16980,"Chicago-Naperville-Elgin, IL-IN-WI",2022-10-12
17,031,0022,81102,4,41.687165,-87.539315,WGS84,PM10 Total 0-10um STP,X,24-HR BLK AVG,PM10 24-hour 2006,2022-05-29,Micrograms/cubic meter (25 C),No Events,1,100,Y,22,22,23,20,122,INSTRUMENT MET ONE 4 MODELS - BETA ATTENUATION,WASHINGTON HS,3535 E. 114TH ST.,Illinois,Cook,Chicago,16980,"Chicago-Naperville-Elgin, IL-IN-WI",2022-10-12
17,031,0022,81102,4,41.687165,-87.539315,WGS84,PM10 Total 0-10um STP,X,24-HR BLK AVG,PM10 24-hour 2006,2022-05-30,Micrograms/cubic meter (25 C),No Events,1,100,Y,31,31,23,29,122,INSTRUMENT MET ONE 4 MODELS - BETA ATTENUATION,WASHINGTON HS,3535 E. 114TH ST.,Illinois,Cook,Chicago,16980,"Chicago-Naperville-Elgin, IL-IN-WI",2022-10-12
17,031,0022,81102,4,41.687165,-87.539315,WGS84,PM10 Total 0-10um STP,X,24-HR BLK AVG,PM10 24-hour 2006,2022-05-31,Micrograms/cubic meter (25 C),No Events,1,100,Y,42,42,23,39,122,INSTRUMENT MET ONE 4 MODELS - BETA ATTENUATION,WASHINGTON HS,3535 E. 114TH ST.,Illinois,Cook,Chicago,16980,"Chicago-Naperville-Elgin, IL-IN-WI",2022-10-12
17,031,0022,81102,4,41.687165,-87.539315,WGS84,PM10 Total 0-10um STP,X,24-HR BLK AVG,PM10 24-hour 2006,2022-06-01,Micrograms/cubic meter (25 C),No Events,1,100,Y,17,17,23,16,122,INSTRUMENT MET ONE 4 MODELS - BETA ATTENUATION,WASHINGTON HS,3535 E. 114TH ST.,Illinois,Cook,Chicago,16980,"Chicago-Naperville-Elgin, IL-IN-WI",2022-10-12
17,031,0022,81102,4,41.687165,-87.539315,WGS84,PM10 Total 0-10um STP,X,24-HR BLK AVG,PM10 24-hour 2006,2022-06-02,Micrograms/cubic meter (25 C),No Events,1,100,Y,30,30,23,28,122,INSTRUMENT MET ONE 4 MODELS - BETA ATTENUATION,WASHINGTON HS,3535 E. 114TH ST.,Illinois,Cook,Chicago,16980,"Chicago-Naperville-Elgin, IL-IN-WI",2022-10-12
17,031,0022,81102,4,41.687165,-87.539315,WGS84,PM10 Total 0-10um STP,X,24-HR BLK AVG,PM10 24-hour 2006,2022-06-03,Micrograms/cubic meter (25 C),No Events,1,100,Y,48,48,23,44,122,INSTRUMENT MET ONE 4 MODELS - BETA ATTENUATION,WASHINGTON HS,3535 E. 114TH ST.,Illinois,Cook,Chicago,16980,"Chicago-Naperville-Elgin, IL-IN-WI",2022-10-12
17,031,0022,81102,4,41.687165,-87.539315,WGS84,PM10 Total 0-10um STP,X,24-HR BLK AVG,PM10 24-hour 2006,2022-06-04,Micrograms/cubic meter (25 C),No Events,1,100,Y,27,27,23,25,122,INSTRUMENT MET ONE 4 MODELS - BETA ATTENUATION,WASHINGTON HS,3535 E. 114TH ST.,Illinois,Cook,Chicago,16980,"Chicago-Naperville-Elgin, IL-IN-WI",2022-10-12
17,031,0022,81102,4,41.687165,-87.539315,WGS84,PM10 Total 0-10um STP,X,24-HR BLK AVG,PM10 24-hour 2006,2022-06-05,Micrograms/cubic meter (25 C),No Events,1,100,Y,26,26,23,24,122,INSTRUMENT MET ONE 4 MODELS - BETA ATTENUATION,WASHINGTON HS,3535 E. 114TH ST.,Illinois,Cook,Chicago,16980,"Chicago-Naperville-Elgin, IL-IN-WI",2022-10-12
17,031,0022,81102,4,41.687165,-87.539315,WGS84,PM10 Total 0-10um STP,X,24-HR BLK AVG,PM10 24-hour 2006,2022-06-06,Micrograms/cubic meter (25 C),No Events,1,100,Y,30,30,23,28,122,INSTRUMENT MET ONE 4 MODELS - BETA ATTENUATION,WASHINGTON HS,3535 E. 114TH ST.,Illinois,Cook,Chicago,16980,"Chicago-Naperville-Elgin, IL-IN-WI",2022-10-12
17,031,0022,81102,4,41.687165,-87.539315,WGS84,PM10 Total 0-10um STP,X,24-HR BLK AVG,PM10 24-hour 2006,2022-06-07,Micrograms/cubic meter (25 C),No Events,1,100,Y,14,14,23,13,122,INSTRUMENT MET ONE 4 MODELS - BETA ATTENUATION,WASHINGTON HS,3535 E. 114TH ST.,Illinois,Cook,Chicago,16980,"Chicago-Naperville-Elgin, IL-IN-WI",2022-10-12
17,031,0022,81102,4,41.687165,-87.539315,WGS84,PM10 Total 0-10um STP,X,24-HR BLK AVG,PM10 24-hour 2006,2022-06-08,Micrograms/cubic meter (25 C),No Events,1,100,Y,19,19,23,18,122,INSTRUMENT MET ONE 4 MODELS - BETA ATTENUATION,WASHINGTON HS,3535 E. 114TH ST.,Illinois,Cook,Chicago,16980,"Chicago-Naperville-Elgin, IL-IN-WI",2022-10-12
17,031,0022,81102,4,41.687165,-87.539315,WGS84,PM10 Total 0-10um STP,X,24-HR BLK AVG,PM10 24-hour 2006,2022-06-09,Micrograms/cubic meter (25 C),No Events,1,100,Y,24,24,23,22,122,INSTRUMENT MET ONE 4 MODELS - BETA ATTENUATION,WASHINGTON HS,3535 E. 114TH ST.,Illinois,Cook,Chicago,16980,"Chicago-Naperville-Elgin, IL-IN-WI",2022-10-12
17,031,0022,81102,4,41.687165,-87.539315,WGS84,PM10 Total 0-10um STP,X,24-HR BLK AVG,PM10 24-hour 2006,2022-06-10,Micrograms/cubic meter (25 C),No Events,1,100,Y,28,28,23,26,122,INSTRUMENT MET ONE 4 MODELS - BETA ATTENUATION,WASHINGTON HS,3535 E. 114TH ST.,Illinois,Cook,Chicago,16980,"Chicago-Naperville-Elgin, IL-IN-WI",2022-10-12
17,031,0022,81102,4,41.687165,-87.539315,WGS84,PM10 Total 0-10um STP,X,24-HR BLK AVG,PM10 24-hour 2006,2022-06-11,Micrograms/cubic meter (25 C),No Events,1,100,Y,23,23,23,21,122,INSTRUMENT MET ONE 4 MODELS - BETA ATTENUATION,WASHINGTON HS,3535 E. 114TH ST.,Illinois,Cook,Chicago,16980,"Chicago-Naperville-Elgin, IL-IN-WI",2022-10-12
17,031,0022,81102,4,41.687165,-87.539315,WGS84,PM10 Total 0-10um STP,X,24-HR BLK AVG,PM10 24-hour 2006,2022-06-12,Micrograms/cubic meter (25 C),No Events,1,100,Y,18,18,23,17,122,INSTRUMENT MET ONE 4 MODELS - BETA ATTENUATION,WASHINGTON HS,3535 E. 114TH ST.,Illinois,Cook,Chicago,16980,"Chicago-Naperville-Elgin, IL-IN-WI",2022-10-12
17,031,0022,81102,4,41.687165,-87.539315,WGS84,PM10 Total 0-10um STP,X,24-HR BLK AVG,PM10 24-hour 2006,2022-06-13,Micrograms/cubic meter (25 C),No Events,1,100,Y,25,25,23,23,122,INSTRUMENT MET ONE 4 MODELS - BETA ATTENUATION,WASHINGTON HS,3535 E. 114TH ST.,Illinois,Cook,Chicago,16980,"Chicago-Naperville-Elgin, IL-IN-WI",2022-10-12
17,031,0022,81102,4,41.687165,-87.539315,WGS84,PM10 Total 0-10um STP,X,24-HR BLK AVG,PM10 24-hour 2006,2022-06-14,Micrograms/cubic meter (25 C),No Events,1,100,Y,49,49,23,45,122,INSTRUMENT MET ONE 4 MODELS - BETA ATTENUATION,WASHINGTON HS,3535 E. 114TH ST.,Illinois,Cook,Chicago,16980,"Chicago-Naperville-Elgin, IL-IN-WI",2022-10-12
17,031,0022,81102,4,41.687165,-87.539315,WGS84,PM10 Total 0-10um STP,X,24-HR BLK AVG,PM10 24-hour 2006,2022-06-15,Micrograms/cubic meter (25 C),No Events,1,100,Y,89,89,23,68,122,INSTRUMENT MET ONE 4 MODELS - BETA ATTENUATION,WASHINGTON HS,3535 E. 114TH ST.,Illinois,Cook,Chicago,16980,"Chicago-Naperville-Elgin, IL-IN-WI",2022-10-12
17,031,0022,81102,4,41.687165,-87.539315,WGS84,PM10 Total 0-10um STP,X,24-HR BLK AVG,PM10 24-hour 2006,2022-06-16,Micrograms/cubic meter (25 C),No Events,1,100,Y,59,59,23,53,122,INSTRUMENT MET ONE 4 MODELS - BETA ATTENUATION,WASHINGTON HS,3535 E. 114TH ST.,Illinois,Cook,Chicago,16980,"Chicago-Naperville-Elgin, IL-IN-WI",2022-10-12
17,031,0022,81102,4,41.687165,-87.539315,WGS84,PM10 Total 0-10um STP,X,24-HR BLK AVG,PM10 24-hour 2006,2022-06-17,Micrograms/cubic meter (25 C),No Events,1,100,Y,35,35,23,32,122,INSTRUMENT MET ONE 4 MODELS - BETA ATTENUATION,WASHINGTON HS,3535 E. 114TH ST.,Illinois,Cook,Chicago,16980,"Chicago-Naperville-Elgin, IL-IN-WI",2022-10-12
17,031,0022,81102,4,41.687165,-87.539315,WGS84,PM10 Total 0-10um STP,X,24-HR BLK AVG,PM10 24-hour 2006,2022-06-18,Micrograms/cubic meter (25 C),No Events,1,100,Y,17,17,23,16,122,INSTRUMENT MET ONE 4 MODELS - BETA ATTENUATION,WASHINGTON HS,3535 E. 114TH ST.,Illinois,Cook,Chicago,16980,"Chicago-Naperville-Elgin, IL-IN-WI",2022-10-12
17,031,0022,81102,4,41.687165,-87.539315,WGS84,PM10 Total 0-10um STP,X,24-HR BLK AVG,PM10 24-hour 2006,2022-06-19,Micrograms/cubic meter (25 C),No Events,1,100,Y,24,24,23,22,122,INSTRUMENT MET ONE 4 MODELS - BETA ATTENUATION,WASHINGTON HS,3535 E. 114TH ST.,Illinois,Cook,Chicago,16980,"Chicago-Naperville-Elgin, IL-IN-WI",2022-10-12
17,031,0022,81102,4,41.687165,-87.539315,WGS84,PM10 Total 0-10um STP,X,24-HR BLK AVG,PM10 24-hour 2006,2022-06-20,Micrograms/cubic meter (25 C),No Events,1,100,Y,46,46,23,43,122,INSTRUMENT MET ONE 4 MODELS - BETA ATTENUATION,WASHINGTON HS,3535 E. 114TH ST.,Illinois,Cook,Chicago,16980,"Chicago-Naperville-Elgin, IL-IN-WI",2022-10-12
17,031,0022,81102,4,41.687165,-87.539315,WGS84,PM10 Total 0-10um STP,X,24-HR BLK AVG,PM10 24-hour 2006,2022-06-21,Micrograms/cubic meter (25 C),No Events,1,100,Y,66,66,23,56,122,INSTRUMENT MET ONE 4 MODELS - BETA ATTENUATION,WASHINGTON HS,3535 E. 114TH ST.,Illinois,Cook,Chicago,16980,"Chicago-Naperville-Elgin, IL-IN-WI",2022-10-12
17,031,0022,81102,4,41.687165,-87.539315,WGS84,PM10 Total 0-10um STP,X,24-HR BLK AVG,PM10 24-hour 2006,2022-06-22,Micrograms/cubic meter (25 C),No Events,1,100,Y,31,31,23,29,122,INSTRUMENT MET ONE 4 MODELS - BETA ATTENUATION,WASHINGTON HS,3535 E. 114TH ST.,Illinois,Cook,Chicago,16980,"Chicago-Naperville-Elgin, IL-IN-WI",2022-10-12
17,031,0022,81102,4,41.687165,-87.539315,WGS84,PM10 Total 0-10um STP,X,24-HR BLK AVG,PM10 24-hour 2006,2022-06-23,Micrograms/cubic meter (25 C),No Events,1,100,Y,27,27,23,25,122,INSTRUMENT MET ONE 4 MODELS - BETA ATTENUATION,WASHINGTON HS,3535 E. 114TH ST.,Illinois,Cook,Chicago,16980,"Chicago-Naperville-Elgin, IL-IN-WI",2022-10-12
17,031,0022,81102,4,41.687165,-87.539315,WGS84,PM10 Total 0-10um STP,X,24-HR BLK AVG,PM10 24-hour 2006,2022-06-24,Micrograms/cubic meter (25 C),No Events,1,100,Y,41,41,23,38,122,INSTRUMENT MET ONE 4 MODELS - BETA ATTENUATION,WASHINGTON HS,3535 E. 114TH ST.,Illinois,Cook,Chicago,16980,"Chicago-Naperville-Elgin, IL-IN-WI",2022-10-12
17,031,0022,81102,4,41.687165,-87.539315,WGS84,PM10 Total 0-10um STP,X,24-HR BLK AVG,PM10 24-hour 2006,2022-06-25,Micrograms/cubic meter (25 C),No Events,1,100,Y,28,28,23,26,122,INSTRUMENT MET ONE 4 MODELS - BETA ATTENUATION,WASHINGTON HS,3535 E. 114TH ST.,Illinois,Cook,Chicago,16980,"Chicago-Naperville-Elgin, IL-IN-WI",2022-10-12
17,031,0022,81102,4,41.687165,-87.539315,WGS84,PM10 Total 0-10um STP,X,24-HR BLK AVG,PM10 24-hour 2006,2022-06-26,Micrograms/cubic meter (25 C),No Events,1,100,Y,24,24,23,22,122,INSTRUMENT MET ONE 4 MODELS - BETA ATTENUATION,WASHINGTON HS,3535 E. 114TH ST.,Illinois,Cook,Chicago,16980,"Chicago-Naperville-Elgin, IL-IN-WI",2022-10-12
17,031,0022,81102,4,41.687165,-87.539315,WGS84,PM10 Total 0-10um STP,X,24-HR BLK AVG,PM10 24-hour 2006,2022-06-27,Micrograms/cubic meter (25 C),No Events,1,100,Y,22,22,23,20,122,INSTRUMENT MET ONE 4 MODELS - BETA ATTENUATION,WASHINGTON HS,3535 E. 114TH ST.,Illinois,Cook,Chicago,16980,"Chicago-Naperville-Elgin, IL-IN-WI",2022-10-12
17,031,0022,81102,4,41.687165,-87.539315,WGS84,PM10 Total 0-10um STP,X,24-HR BLK AVG,PM10 24-hour 2006,2022-06-28,Micrograms/cubic meter (25 C),No Events,1,100,Y,42,42,23,39,122,INSTRUMENT MET ONE 4 MODELS - BETA ATTENUATION,WASHINGTON HS,3535 E. 114TH ST.,Illinois,Cook,Chicago,16980,"Chicago-Naperville-Elgin, IL-IN-WI",2022-10-12
17,031,0022,81102,4,41.687165,-87.539315,WGS84,PM10 Total 0-10um STP,X,24-HR BLK AVG,PM10 24-hour 2006,2022-06-29,Micrograms/cubic meter (25 C),No Events,1,100,Y,55,55,23,51,122,INSTRUMENT MET ONE 4 MODELS - BETA ATTENUATION,WASHINGTON HS,3535 E. 114TH ST.,Illinois,Cook,Chicago,16980,"Chicago-Naperville-Elgin, IL-IN-WI",2022-10-12
17,031,0022,81102,4,41.687165,-87.539315,WGS84,PM10 Total 0-10um STP,X,24-HR BLK AVG,PM10 24-hour 2006,2022-06-30,Micrograms/cubic meter (25 C),No Events,1,100,Y,56,56,23,51,122,INSTRUMENT MET ONE 4 MODELS - BETA ATTENUATION,WASHINGTON HS,3535 E. 114TH ST.,Illinois,Cook,Chicago,16980,"Chicago-Naperville-Elgin, IL-IN-WI",2022-10-12
17,031,0022,81102,4,41.687165,-87.539315,WGS84,PM10 Total 0-10um STP,X,24-HR BLK AVG,PM10 24-hour 2006,2022-07-01,Micrograms/cubic meter (25 C),No Events,1,100,Y,41,41,23,38,122,INSTRUMENT MET ONE 4 MODELS - BETA ATTENUATION,WASHINGTON HS,3535 E. 114TH ST.,Illinois,Cook,Chicago,16980,"Chicago-Naperville-Elgin, IL-IN-WI",2022-10-12
17,031,0022,81102,4,41.687165,-87.539315,WGS84,PM10 Total 0-10um STP,X,24-HR BLK AVG,PM10 24-hour 2006,2022-07-02,Micrograms/cubic meter (25 C),No Events,1,100,Y,35,35,23,32,122,INSTRUMENT MET ONE 4 MODELS - BETA ATTENUATION,WASHINGTON HS,3535 E. 114TH ST.,Illinois,Cook,Chicago,16980,"Chicago-Naperville-Elgin, IL-IN-WI",2022-10-12
17,031,0022,81102,4,41.687165,-87.539315,WGS84,PM10 Total 0-10um STP,X,24-HR BLK AVG,PM10 24-hour 2006,2022-07-03,Micrograms/cubic meter (25 C),No Events,1,100,Y,45,45,23,42,122,INSTRUMENT MET ONE 4 MODELS - BETA ATTENUATION,WASHINGTON HS,3535 E. 114TH ST.,Illinois,Cook,Chicago,16980,"Chicago-Naperville-Elgin, IL-IN-WI",2022-10-12
17,031,0022,81102,4,41.687165,-87.539315,WGS84,PM10 Total 0-10um STP,X,24-HR BLK AVG,PM10 24-hour 2006,2022-07-04,Micrograms/cubic meter (25 C),No Events,1,100,Y,38,38,23,35,122,INSTRUMENT MET ONE 4 MODELS - BETA ATTENUATION,WASHINGTON HS,3535 E. 114TH ST.,Illinois,Cook,Chicago,16980,"Chicago-Naperville-Elgin, IL-IN-WI",2022-10-12
17,031,0022,81102,4,41.687165,-87.539315,WGS84,PM10 Total 0-10um STP,X,24-HR BLK AVG,PM10 24-hour 2006,2022-07-05,Micrograms/cubic meter (25 C),No Events,1,100,Y,27,27,23,25,122,INSTRUMENT MET ONE 4 MODELS - BETA ATTENUATION,WASHINGTON HS,3535 E. 114TH ST.,Illinois,Cook,Chicago,16980,"Chicago-Naperville-Elgin, IL-IN-WI",2022-10-12
17,031,0022,81102,4,41.687165,-87.539315,WGS84,PM10 Total 0-10um STP,X,24-HR BLK AVG,PM10 24-hour 2006,2022-07-06,Micrograms/cubic meter (25 C),No Events,1,100,Y,19,19,23,18,122,INSTRUMENT MET ONE 4 MODELS - BETA ATTENUATION,WASHINGTON HS,3535 E. 114TH ST.,Illinois,Cook,Chicago,16980,"Chicago-Naperville-Elgin, IL-IN-WI",2022-10-12
17,031,0022,81102,4,41.687165,-87.539315,WGS84,PM10 Total 0-10um STP,X,24-HR BLK AVG,PM10 24-hour 2006,2022-07-07,Micrograms/cubic meter (25 C),No Events,1,100,Y,25,25,23,23,122,INSTRUMENT MET ONE 4 MODELS - BETA ATTENUATION,WASHINGTON HS,3535 E. 114TH ST.,Illinois,Cook,Chicago,16980,"Chicago-Naperville-Elgin, IL-IN-WI",2022-10-12
17,031,0022,81102,4,41.687165,-87.539315,WGS84,PM10 Total 0-10um STP,X,24-HR BLK AVG,PM10 24-hour 2006,2022-07-08,Micrograms/cubic meter (25 C),No Events,1,100,Y,24,24,23,22,122,INSTRUMENT MET ONE 4 MODELS - BETA ATTENUATION,WASHINGTON HS,3535 E. 114TH ST.,Illinois,Cook,Chicago,16980,"Chicago-Naperville-Elgin, IL-IN-WI",2022-10-12
17,031,0022,81102,4,41.687165,-87.539315,WGS84,PM10 Total 0-10um STP,X,24-HR BLK AVG,PM10 24-hour 2006,2022-07-09,Micrograms/cubic meter (25 C),No Events,1,100,Y,18,18,23,17,122,INSTRUMENT MET ONE 4 MODELS - BETA ATTENUATION,WASHINGTON HS,3535 E. 114TH ST.,Illinois,Cook,Chicago,16980,"Chicago-Naperville-Elgin, IL-IN-WI",2022-10-12
17,031,0022,81102,4,41.687165,-87.539315,WGS84,PM10 Total 0-10um STP,X,24-HR BLK AVG,PM10 24-hour 2006,2022-07-10,Micrograms/cubic meter (25 C),No Events,1,100,Y,27,27,23,25,122,INSTRUMENT MET ONE 4 MODELS - BETA ATTENUATION,WASHINGTON HS,3535 E. 114TH ST.,Illinois,Cook,Chicago,16980,"Chicago-Naperville-Elgin, IL-IN-WI",2022-10-12
17,031,0022,81102,4,41.687165,-87.539315,WGS84,PM10 Total 0-10um STP,X,24-HR BLK AVG,PM10 24-hour 2006,2022-07-11,Micrograms/cubic meter (25 C),No Events,1,100,Y,39,39,23,36,122,INSTRUMENT MET ONE 4 MODELS - BETA ATTENUATION,WASHINGTON HS,3535 E. 114TH ST.,Illinois,Cook,Chicago,16980,"Chicago-Naperville-Elgin, IL-IN-WI",2022-10-12
17,031,0022,81102,4,41.687165,-87.539315,WGS84,PM10 Total 0-10um STP,X,24-HR BLK AVG,PM10 24-hour 2006,2022-07-12,Micrograms/cubic meter (25 C),No Events,1,100,Y,31,31,23,29,122,INSTRUMENT MET ONE 4 MODELS - BETA ATTENUATION,WASHINGTON HS,3535 E. 114TH ST.,Illinois,Cook,Chicago,16980,"Chicago-Naperville-Elgin, IL-IN-WI",2022-10-12
17,031,0022,81102,4,41.687165,-87.539315,WGS84,PM10 Total 0-10um STP,X,24-HR BLK AVG,PM10 24-hour 2006,2022-07-13,Micrograms/cubic meter (25 C),No Events,1,100,Y,31,31,23,29,122,INSTRUMENT MET ONE 4 MODELS - BETA ATTENUATION,WASHINGTON HS,3535 E. 114TH ST.,Illinois,Cook,Chicago,16980,"Chicago-Naperville-Elgin, IL-IN-WI",2022-10-12
17,031,0022,81102,4,41.687165,-87.539315,WGS84,PM10 Total 0-10um STP,X,24-HR BLK AVG,PM10 24-hour 2006,2022-07-14,Micrograms/cubic meter (25 C),No Events,1,100,Y,26,26,23,24,122,INSTRUMENT MET ONE 4 MODELS - BETA ATTENUATION,WASHINGTON HS,3535 E. 114TH ST.,Illinois,Cook,Chicago,16980,"Chicago-Naperville-Elgin, IL-IN-WI",2022-10-12
17,031,0022,81102,4,41.687165,-87.539315,WGS84,PM10 Total 0-10um STP,X,24-HR BLK AVG,PM10 24-hour 2006,2022-07-15,Micrograms/cubic meter (25 C),No Events,1,100,Y,27,27,23,25,122,INSTRUMENT MET ONE 4 MODELS - BETA ATTENUATION,WASHINGTON HS,3535 E. 114TH ST.,Illinois,Cook,Chicago,16980,"Chicago-Naperville-Elgin, IL-IN-WI",2022-10-12
17,031,0022,81102,4,41.687165,-87.539315,WGS84,PM10 Total 0-10um STP,X,24-HR BLK AVG,PM10 24-hour 2006,2022-07-16,Micrograms/cubic meter (25 C),No Events,1,100,Y,20,20,23,19,122,INSTRUMENT MET ONE 4 MODELS - BETA ATTENUATION,WASHINGTON HS,3535 E. 114TH ST.,Illinois,Cook,Chicago,16980,"Chicago-Naperville-Elgin, IL-IN-WI",2022-10-12
17,031,0022,81102,4,41.687165,-87.539315,WGS84,PM10 Total 0-10um STP,X,24-HR BLK AVG,PM10 24-hour 2006,2022-07-17,Micrograms/cubic meter (25 C),No Events,1,100,Y,23,23,23,21,122,INSTRUMENT MET ONE 4 MODELS - BETA ATTENUATION,WASHINGTON HS,3535 E. 114TH ST.,Illinois,Cook,Chicago,16980,"Chicago-Naperville-Elgin, IL-IN-WI",2022-10-12
17,031,0022,81102,4,41.687165,-87.539315,WGS84,PM10 Total 0-10um STP,X,24-HR BLK AVG,PM10 24-hour 2006,2022-07-18,Micrograms/cubic meter (25 C),No Events,1,100,Y,31,31,23,29,122,INSTRUMENT MET ONE 4 MODELS - BETA ATTENUATION,WASHINGTON HS,3535 E. 114TH ST.,Illinois,Cook,Chicago,16980,"Chicago-Naperville-Elgin, IL-IN-WI",2022-10-12
17,031,0022,81102,4,41.687165,-87.539315,WGS84,PM10 Total 0-10um STP,X,24-HR BLK AVG,PM10 24-hour 2006,2022-07-19,Micrograms/cubic meter (25 C),No Events,1,100,Y,36,36,23,33,122,INSTRUMENT MET ONE 4 MODELS - BETA ATTENUATION,WASHINGTON HS,3535 E. 114TH ST.,Illinois,Cook,Chicago,16980,"Chicago-Naperville-Elgin, IL-IN-WI",2022-10-12
17,031,0022,81102,4,41.687165,-87.539315,WGS84,PM10 Total 0-10um STP,X,24-HR BLK AVG,PM10 24-hour 2006,2022-07-20,Micrograms/cubic meter (25 C),No Events,1,100,Y,50,50,23,46,122,INSTRUMENT MET ONE 4 MODELS - BETA ATTENUATION,WASHINGTON HS,3535 E. 114TH ST.,Illinois,Cook,Chicago,16980,"Chicago-Naperville-Elgin, IL-IN-WI",2022-10-12
17,031,0022,81102,4,41.687165,-87.539315,WGS84,PM10 Total 0-10um STP,X,24-HR BLK AVG,PM10 24-hour 2006,2022-07-21,Micrograms/cubic meter (25 C),No Events,1,100,Y,50,50,23,46,122,INSTRUMENT MET ONE 4 MODELS - BETA ATTENUATION,WASHINGTON HS,3535 E. 114TH ST.,Illinois,Cook,Chicago,16980,"Chicago-Naperville-Elgin, IL-IN-WI",2022-10-12
17,031,0022,81102,4,41.687165,-87.539315,WGS84,PM10 Total 0-10um STP,X,24-HR BLK AVG,PM10 24-hour 2006,2022-07-22,Micrograms/cubic meter (25 C),No Events,1,100,Y,38,38,23,35,122,INSTRUMENT MET ONE 4 MODELS - BETA ATTENUATION,WASHINGTON HS,3535 E. 114TH ST.,Illinois,Cook,Chicago,16980,"Chicago-Naperville-Elgin, IL-IN-WI",2022-10-12
17,031,0022,81102,4,41.687165,-87.539315,WGS84,PM10 Total 0-10um STP,X,24-HR BLK AVG,PM10 24-hour 2006,2022-07-26,Micrograms/cubic meter (25 C),No Events,1,100,Y,26,26,23,24,122,INSTRUMENT MET ONE 4 MODELS - BETA ATTENUATION,WASHINGTON HS,3535 E. 114TH ST.,Illinois,Cook,Chicago,16980,"Chicago-Naperville-Elgin, IL-IN-WI",2022-10-12
17,031,0022,81102,4,41.687165,-87.539315,WGS84,PM10 Total 0-10um STP,X,24-HR BLK AVG,PM10 24-hour 2006,2022-07-27,Micrograms/cubic meter (25 C),No Events,1,100,Y,32,32,23,30,122,INSTRUMENT MET ONE 4 MODELS - BETA ATTENUATION,WASHINGTON HS,3535 E. 114TH ST.,Illinois,Cook,Chicago,16980,"Chicago-Naperville-Elgin, IL-IN-WI",2022-10-12
17,031,0022,81102,4,41.687165,-87.539315,WGS84,PM10 Total 0-10um STP,X,24-HR BLK AVG,PM10 24-hour 2006,2022-07-28,Micrograms/cubic meter (25 C),No Events,1,100,Y,34,34,23,31,122,INSTRUMENT MET ONE 4 MODELS - BETA ATTENUATION,WASHINGTON HS,3535 E. 114TH ST.,Illinois,Cook,Chicago,16980,"Chicago-Naperville-Elgin, IL-IN-WI",2022-10-12
17,031,0022,81102,4,41.687165,-87.539315,WGS84,PM10 Total 0-10um STP,X,24-HR BLK AVG,PM10 24-hour 2006,2022-07-29,Micrograms/cubic meter (25 C),No Events,1,100,Y,31,31,23,29,122,INSTRUMENT MET ONE 4 MODELS - BETA ATTENUATION,WASHINGTON HS,3535 E. 114TH ST.,Illinois,Cook,Chicago,16980,"Chicago-Naperville-Elgin, IL-IN-WI",2022-10-12
17,031,0022,81102,4,41.687165,-87.539315,WGS84,PM10 Total 0-10um STP,X,24-HR BLK AVG,PM10 24-hour 2006,2022-07-30,Micrograms/cubic meter (25 C),No Events,1,100,Y,37,37,23,34,122,INSTRUMENT MET ONE 4 MODELS - BETA ATTENUATION,WASHINGTON HS,3535 E. 114TH ST.,Illinois,Cook,Chicago,16980,"Chicago-Naperville-Elgin, IL-IN-WI",2022-10-12
17,031,0022,81102,4,41.687165,-87.539315,WGS84,PM10 Total 0-10um STP,X,24-HR BLK AVG,PM10 24-hour 2006,2022-07-31,Micrograms/cubic meter (25 C),No Events,1,100,Y,30,30,23,28,122,INSTRUMENT MET ONE 4 MODELS - BETA ATTENUATION,WASHINGTON HS,3535 E. 114TH ST.,Illinois,Cook,Chicago,16980,"Chicago-Naperville-Elgin, IL-IN-WI",2022-10-12
17,031,0022,81102,4,41.687165,-87.539315,WGS84,PM10 Total 0-10um STP,X,24-HR BLK AVG,PM10 24-hour 2006,2022-08-01,Micrograms/cubic meter (25 C),No Events,1,100,Y,38,38,23,35,122,INSTRUMENT MET ONE 4 MODELS - BETA ATTENUATION,WASHINGTON HS,3535 E. 114TH ST.,Illinois,Cook,Chicago,16980,"Chicago-Naperville-Elgin, IL-IN-WI",2022-10-12
17,031,0022,81102,4,41.687165,-87.539315,WGS84,PM10 Total 0-10um STP,X,24-HR BLK AVG,PM10 24-hour 2006,2022-08-02,Micrograms/cubic meter (25 C),No Events,1,100,Y,37,37,23,34,122,INSTRUMENT MET ONE 4 MODELS - BETA ATTENUATION,WASHINGTON HS,3535 E. 114TH ST.,Illinois,Cook,Chicago,16980,"Chicago-Naperville-Elgin, IL-IN-WI",2022-10-12
17,031,0022,81102,4,41.687165,-87.539315,WGS84,PM10 Total 0-10um STP,X,24-HR BLK AVG,PM10 24-hour 2006,2022-08-03,Micrograms/cubic meter (25 C),No Events,1,100,Y,39,39,23,36,122,INSTRUMENT MET ONE 4 MODELS - BETA ATTENUATION,WASHINGTON HS,3535 E. 114TH ST.,Illinois,Cook,Chicago,16980,"Chicago-Naperville-Elgin, IL-IN-WI",2022-10-12
17,031,0022,81102,4,41.687165,-87.539315,WGS84,PM10 Total 0-10um STP,X,24-HR BLK AVG,PM10 24-hour 2006,2022-08-04,Micrograms/cubic meter (25 C),No Events,1,100,Y,30,30,23,28,122,INSTRUMENT MET ONE 4 MODELS - BETA ATTENUATION,WASHINGTON HS,3535 E. 114TH ST.,Illinois,Cook,Chicago,16980,"Chicago-Naperville-Elgin, IL-IN-WI",2022-10-12
17,031,0022,81102,4,41.687165,-87.539315,WGS84,PM10 Total 0-10um STP,X,24-HR BLK AVG,PM10 24-hour 2006,2022-08-05,Micrograms/cubic meter (25 C),No Events,1,100,Y,27,27,23,25,122,INSTRUMENT MET ONE 4 MODELS - BETA ATTENUATION,WASHINGTON HS,3535 E. 114TH ST.,Illinois,Cook,Chicago,16980,"Chicago-Naperville-Elgin, IL-IN-WI",2022-10-12
17,031,0022,81102,4,41.687165,-87.539315,WGS84,PM10 Total 0-10um STP,X,24-HR BLK AVG,PM10 24-hour 2006,2022-08-06,Micrograms/cubic meter (25 C),No Events,1,100,Y,32,32,23,30,122,INSTRUMENT MET ONE 4 MODELS - BETA ATTENUATION,WASHINGTON HS,3535 E. 114TH ST.,Illinois,Cook,Chicago,16980,"Chicago-Naperville-Elgin, IL-IN-WI",2022-10-12
17,031,0022,81102,4,41.687165,-87.539315,WGS84,PM10 Total 0-10um STP,X,24-HR BLK AVG,PM10 24-hour 2006,2022-08-07,Micrograms/cubic meter (25 C),No Events,1,100,Y,22,22,23,20,122,INSTRUMENT MET ONE 4 MODELS - BETA ATTENUATION,WASHINGTON HS,3535 E. 114TH ST.,Illinois,Cook,Chicago,16980,"Chicago-Naperville-Elgin, IL-IN-WI",2022-10-12
17,031,0022,81102,4,41.687165,-87.539315,WGS84,PM10 Total 0-10um STP,X,24-HR BLK AVG,PM10 24-hour 2006,2022-08-08,Micrograms/cubic meter (25 C),No Events,1,100,Y,23,23,23,21,122,INSTRUMENT MET ONE 4 MODELS - BETA ATTENUATION,WASHINGTON HS,3535 E. 114TH ST.,Illinois,Cook,Chicago,16980,"Chicago-Naperville-Elgin, IL-IN-WI",2022-10-12
17,031,0022,81102,4,41.687165,-87.539315,WGS84,PM10 Total 0-10um STP,X,24-HR BLK AVG,PM10 24-hour 2006,2022-08-09,Micrograms/cubic meter (25 C),No Events,1,100,Y,17,17,23,16,122,INSTRUMENT MET ONE 4 MODELS - BETA ATTENUATION,WASHINGTON HS,3535 E. 114TH ST.,Illinois,Cook,Chicago,16980,"Chicago-Naperville-Elgin, IL-IN-WI",2022-10-12
17,031,0022,81102,4,41.687165,-87.539315,WGS84,PM10 Total 0-10um STP,X,24-HR BLK AVG,PM10 24-hour 2006,2022-08-10,Micrograms/cubic meter (25 C),No Events,1,100,Y,41,41,23,38,122,INSTRUMENT MET ONE 4 MODELS - BETA ATTENUATION,WASHINGTON HS,3535 E. 114TH ST.,Illinois,Cook,Chicago,16980,"Chicago-Naperville-Elgin, IL-IN-WI",2022-10-12
17,031,0022,81102,4,41.687165,-87.539315,WGS84,PM10 Total 0-10um STP,X,24-HR BLK AVG,PM10 24-hour 2006,2022-08-11,Micrograms/cubic meter (25 C),No Events,1,100,Y,24,24,23,22,122,INSTRUMENT MET ONE 4 MODELS - BETA ATTENUATION,WASHINGTON HS,3535 E. 114TH ST.,Illinois,Cook,Chicago,16980,"Chicago-Naperville-Elgin, IL-IN-WI",2022-10-12
17,031,0022,81102,4,41.687165,-87.539315,WGS84,PM10 Total 0-10um STP,X,24-HR BLK AVG,PM10 24-hour 2006,2022-08-12,Micrograms/cubic meter (25 C),No Events,1,100,Y,33,33,23,31,122,INSTRUMENT MET ONE 4 MODELS - BETA ATTENUATION,WASHINGTON HS,3535 E. 114TH ST.,Illinois,Cook,Chicago,16980,"Chicago-Naperville-Elgin, IL-IN-WI",2022-10-12
17,031,0022,81102,4,41.687165,-87.539315,WGS84,PM10 Total 0-10um STP,X,24-HR BLK AVG,PM10 24-hour 2006,2022-08-13,Micrograms/cubic meter (25 C),No Events,1,100,Y,30,30,23,28,122,INSTRUMENT MET ONE 4 MODELS - BETA ATTENUATION,WASHINGTON HS,3535 E. 114TH ST.,Illinois,Cook,Chicago,16980,"Chicago-Naperville-Elgin, IL-IN-WI",2022-10-12
17,031,0022,81102,4,41.687165,-87.539315,WGS84,PM10 Total 0-10um STP,X,24-HR BLK AVG,PM10 24-hour 2006,2022-08-14,Micrograms/cubic meter (25 C),No Events,1,100,Y,26,26,23,24,122,INSTRUMENT MET ONE 4 MODELS - BETA ATTENUATION,WASHINGTON HS,3535 E. 114TH ST.,Illinois,Cook,Chicago,16980,"Chicago-Naperville-Elgin, IL-IN-WI",2022-10-12
17,031,0022,81102,4,41.687165,-87.539315,WGS84,PM10 Total 0-10um STP,X,24-HR BLK AVG,PM10 24-hour 2006,2022-08-15,Micrograms/cubic meter (25 C),No Events,1,100,Y,25,25,23,23,122,INSTRUMENT MET ONE 4 MODELS - BETA ATTENUATION,WASHINGTON HS,3535 E. 114TH ST.,Illinois,Cook,Chicago,16980,"Chicago-Naperville-Elgin, IL-IN-WI",2022-10-12
17,031,0022,81102,4,41.687165,-87.539315,WGS84,PM10 Total 0-10um STP,X,24-HR BLK AVG,PM10 24-hour 2006,2022-08-16,Micrograms/cubic meter (25 C),No Events,1,100,Y,24,24,23,22,122,INSTRUMENT MET ONE 4 MODELS - BETA ATTENUATION,WASHINGTON HS,3535 E. 114TH ST.,Illinois,Cook,Chicago,16980,"Chicago-Naperville-Elgin, IL-IN-WI",2022-10-12
17,031,0022,81102,4,41.687165,-87.539315,WGS84,PM10 Total 0-10um STP,X,24-HR BLK AVG,PM10 24-hour 2006,2022-08-17,Micrograms/cubic meter (25 C),No Events,1,100,Y,28,28,23,26,122,INSTRUMENT MET ONE 4 MODELS - BETA ATTENUATION,WASHINGTON HS,3535 E. 114TH ST.,Illinois,Cook,Chicago,16980,"Chicago-Naperville-Elgin, IL-IN-WI",2022-10-12
17,031,0022,81102,4,41.687165,-87.539315,WGS84,PM10 Total 0-10um STP,X,24-HR BLK AVG,PM10 24-hour 2006,2022-08-18,Micrograms/cubic meter (25 C),No Events,1,100,Y,46,46,23,43,122,INSTRUMENT MET ONE 4 MODELS - BETA ATTENUATION,WASHINGTON HS,3535 E. 114TH ST.,Illinois,Cook,Chicago,16980,"Chicago-Naperville-Elgin, IL-IN-WI",2022-10-12
17,031,0022,81102,4,41.687165,-87.539315,WGS84,PM10 Total 0-10um STP,X,24-HR BLK AVG,PM10 24-hour 2006,2022-08-19,Micrograms/cubic meter (25 C),No Events,1,100,Y,40,40,23,37,122,INSTRUMENT MET ONE 4 MODELS - BETA ATTENUATION,WASHINGTON HS,3535 E. 114TH ST.,Illinois,Cook,Chicago,16980,"Chicago-Naperville-Elgin, IL-IN-WI",2022-10-12
17,031,0022,81102,4,41.687165,-87.539315,WGS84,PM10 Total 0-10um STP,X,24-HR BLK AVG,PM10 24-hour 2006,2022-08-20,Micrograms/cubic meter (25 C),No Events,1,100,Y,26,26,23,24,122,INSTRUMENT MET ONE 4 MODELS - BETA ATTENUATION,WASHINGTON HS,3535 E. 114TH ST.,Illinois,Cook,Chicago,16980,"Chicago-Naperville-Elgin, IL-IN-WI",2022-10-12
17,031,0022,81102,4,41.687165,-87.539315,WGS84,PM10 Total 0-10um STP,X,24-HR BLK AVG,PM10 24-hour 2006,2022-08-21,Micrograms/cubic meter (25 C),No Events,1,100,Y,23,23,23,21,122,INSTRUMENT MET ONE 4 MODELS - BETA ATTENUATION,WASHINGTON HS,3535 E. 114TH ST.,Illinois,Cook,Chicago,16980,"Chicago-Naperville-Elgin, IL-IN-WI",2022-10-12
17,031,0022,81102,4,41.687165,-87.539315,WGS84,PM10 Total 0-10um STP,X,24-HR BLK AVG,PM10 24-hour 2006,2022-08-22,Micrograms/cubic meter (25 C),No Events,1,100,Y,24,24,23,22,122,INSTRUMENT MET ONE 4 MODELS - BETA ATTENUATION,WASHINGTON HS,3535 E. 114TH ST.,Illinois,Cook,Chicago,16980,"Chicago-Naperville-Elgin, IL-IN-WI",2022-10-12
17,031,0022,81102,4,41.687165,-87.539315,WGS84,PM10 Total 0-10um STP,X,24-HR BLK AVG,PM10 24-hour 2006,2022-08-23,Micrograms/cubic meter (25 C),No Events,1,100,Y,33,33,23,31,122,INSTRUMENT MET ONE 4 MODELS - BETA ATTENUATION,WASHINGTON HS,3535 E. 114TH ST.,Illinois,Cook,Chicago,16980,"Chicago-Naperville-Elgin, IL-IN-WI",2022-10-12
17,031,0022,81102,4,41.687165,-87.539315,WGS84,PM10 Total 0-10um STP,X,24-HR BLK AVG,PM10 24-hour 2006,2022-08-24,Micrograms/cubic meter (25 C),No Events,1,100,Y,49,49,23,45,122,INSTRUMENT MET ONE 4 MODELS - BETA ATTENUATION,WASHINGTON HS,3535 E. 114TH ST.,Illinois,Cook,Chicago,16980,"Chicago-Naperville-Elgin, IL-IN-WI",2022-10-12
17,031,0022,81102,4,41.687165,-87.539315,WGS84,PM10 Total 0-10um STP,X,24-HR BLK AVG,PM10 24-hour 2006,2022-08-25,Micrograms/cubic meter (25 C),No Events,1,100,Y,43,43,23,40,122,INSTRUMENT MET ONE 4 MODELS - BETA ATTENUATION,WASHINGTON HS,3535 E. 114TH ST.,Illinois,Cook,Chicago,16980,"Chicago-Naperville-Elgin, IL-IN-WI",2022-10-12
17,031,0022,81102,4,41.687165,-87.539315,WGS84,PM10 Total 0-10um STP,X,24-HR BLK AVG,PM10 24-hour 2006,2022-08-26,Micrograms/cubic meter (25 C),No Events,1,100,Y,21,21,23,19,122,INSTRUMENT MET ONE 4 MODELS - BETA ATTENUATION,WASHINGTON HS,3535 E. 114TH ST.,Illinois,Cook,Chicago,16980,"Chicago-Naperville-Elgin, IL-IN-WI",2022-10-12
17,031,0022,81102,4,41.687165,-87.539315,WGS84,PM10 Total 0-10um STP,X,24-HR BLK AVG,PM10 24-hour 2006,2022-08-27,Micrograms/cubic meter (25 C),No Events,1,100,Y,31,31,23,29,122,INSTRUMENT MET ONE 4 MODELS - BETA ATTENUATION,WASHINGTON HS,3535 E. 114TH ST.,Illinois,Cook,Chicago,16980,"Chicago-Naperville-Elgin, IL-IN-WI",2022-10-12
17,031,0022,81102,4,41.687165,-87.539315,WGS84,PM10 Total 0-10um STP,X,24-HR BLK AVG,PM10 24-hour 2006,2022-08-28,Micrograms/cubic meter (25 C),No Events,1,100,Y,32,32,23,30,122,INSTRUMENT MET ONE 4 MODELS - BETA ATTENUATION,WASHINGTON HS,3535 E. 114TH ST.,Illinois,Cook,Chicago,16980,"Chicago-Naperville-Elgin, IL-IN-WI",2022-10-12
17,031,0022,81102,4,41.687165,-87.539315,WGS84,PM10 Total 0-10um STP,X,24-HR BLK AVG,PM10 24-hour 2006,2022-08-29,Micrograms/cubic meter (25 C),No Events,1,100,Y,33,33,23,31,122,INSTRUMENT MET ONE 4 MODELS - BETA ATTENUATION,WASHINGTON HS,3535 E. 114TH ST.,Illinois,Cook,Chicago,16980,"Chicago-Naperville-Elgin, IL-IN-WI",2022-10-12
17,031,0022,81102,4,41.687165,-87.539315,WGS84,PM10 Total 0-10um STP,X,24-HR BLK AVG,PM10 24-hour 2006,2022-08-30,Micrograms/cubic meter (25 C),No Events,1,100,Y,35,35,23,32,122,INSTRUMENT MET ONE 4 MODELS - BETA ATTENUATION,WASHINGTON HS,3535 E. 114TH ST.,Illinois,Cook,Chicago,16980,"Chicago-Naperville-Elgin, IL-IN-WI",2022-10-12
17,031,0022,81102,4,41.687165,-87.539315,WGS84,PM10 Total 0-10um STP,X,24-HR BLK AVG,PM10 24-hour 2006,2022-08-31,Micrograms/cubic meter (25 C),No Events,1,100,Y,40,40,23,37,122,INSTRUMENT MET ONE 4 MODELS - BETA ATTENUATION,WASHINGTON HS,3535 E. 114TH ST.,Illinois,Cook,Chicago,16980,"Chicago-Naperville-Elgin, IL-IN-WI",2022-10-12
17,031,0022,81102,4,41.687165,-87.539315,WGS84,PM10 Total 0-10um STP,X,24-HR BLK AVG,PM10 24-hour 2006,2022-09-01,Micrograms/cubic meter (25 C),No Events,1,100,Y,59,59,23,53,122,INSTRUMENT MET ONE 4 MODELS - BETA ATTENUATION,WASHINGTON HS,3535 E. 114TH ST.,Illinois,Cook,Chicago,16980,"Chicago-Naperville-Elgin, IL-IN-WI",2022-10-12
17,031,0022,81102,4,41.687165,-87.539315,WGS84,PM10 Total 0-10um STP,X,24-HR BLK AVG,PM10 24-hour 2006,2022-09-02,Micrograms/cubic meter (25 C),No Events,1,100,Y,44,44,23,41,122,INSTRUMENT MET ONE 4 MODELS - BETA ATTENUATION,WASHINGTON HS,3535 E. 114TH ST.,Illinois,Cook,Chicago,16980,"Chicago-Naperville-Elgin, IL-IN-WI",2022-10-12
17,031,0022,81102,4,41.687165,-87.539315,WGS84,PM10 Total 0-10um STP,X,24-HR BLK AVG,PM10 24-hour 2006,2022-09-03,Micrograms/cubic meter (25 C),No Events,1,100,Y,32,32,23,30,122,INSTRUMENT MET ONE 4 MODELS - BETA ATTENUATION,WASHINGTON HS,3535 E. 114TH ST.,Illinois,Cook,Chicago,16980,"Chicago-Naperville-Elgin, IL-IN-WI",2022-10-12
17,031,0022,81102,4,41.687165,-87.539315,WGS84,PM10 Total 0-10um STP,X,24-HR BLK AVG,PM10 24-hour 2006,2022-09-04,Micrograms/cubic meter (25 C),No Events,1,100,Y,22,22,23,20,122,INSTRUMENT MET ONE 4 MODELS - BETA ATTENUATION,WASHINGTON HS,3535 E. 114TH ST.,Illinois,Cook,Chicago,16980,"Chicago-Naperville-Elgin, IL-IN-WI",2022-10-12
17,031,0022,81102,4,41.687165,-87.539315,WGS84,PM10 Total 0-10um STP,X,24-HR BLK AVG,PM10 24-hour 2006,2022-09-05,Micrograms/cubic meter (25 C),No Events,1,100,Y,21,21,23,19,122,INSTRUMENT MET ONE 4 MODELS - BETA ATTENUATION,WASHINGTON HS,3535 E. 114TH ST.,Illinois,Cook,Chicago,16980,"Chicago-Naperville-Elgin, IL-IN-WI",2022-10-12
17,031,0022,81102,4,41.687165,-87.539315,WGS84,PM10 Total 0-10um STP,X,24-HR BLK AVG,PM10 24-hour 2006,2022-09-06,Micrograms/cubic meter (25 C),No Events,1,100,Y,26,26,23,24,122,INSTRUMENT MET ONE 4 MODELS - BETA ATTENUATION,WASHINGTON HS,3535 E. 114TH ST.,Illinois,Cook,Chicago,16980,"Chicago-Naperville-Elgin, IL-IN-WI",2022-10-12
17,031,0022,81102,4,41.687165,-87.539315,WGS84,PM10 Total 0-10um STP,X,24-HR BLK AVG,PM10 24-hour 2006,2022-09-07,Micrograms/cubic meter (25 C),No Events,1,100,Y,33,33,23,31,122,INSTRUMENT MET ONE 4 MODELS - BETA ATTENUATION,WASHINGTON HS,3535 E. 114TH ST.,Illinois,Cook,Chicago,16980,"Chicago-Naperville-Elgin, IL-IN-WI",2022-10-12
17,031,0022,81102,4,41.687165,-87.539315,WGS84,PM10 Total 0-10um STP,X,24-HR BLK AVG,PM10 24-hour 2006,2022-09-08,Micrograms/cubic meter (25 C),No Events,1,100,Y,59,59,23,53,122,INSTRUMENT MET ONE 4 MODELS - BETA ATTENUATION,WASHINGTON HS,3535 E. 114TH ST.,Illinois,Cook,Chicago,16980,"Chicago-Naperville-Elgin, IL-IN-WI",2022-10-12
17,031,0022,81102,4,41.687165,-87.539315,WGS84,PM10 Total 0-10um STP,X,24-HR BLK AVG,PM10 24-hour 2006,2022-09-09,Micrograms/cubic meter (25 C),No Events,1,100,Y,40,40,23,37,122,INSTRUMENT MET ONE 4 MODELS - BETA ATTENUATION,WASHINGTON HS,3535 E. 114TH ST.,Illinois,Cook,Chicago,16980,"Chicago-Naperville-Elgin, IL-IN-WI",2022-10-12
17,031,0022,81102,4,41.687165,-87.539315,WGS84,PM10 Total 0-10um STP,X,24-HR BLK AVG,PM10 24-hour 2006,2022-09-10,Micrograms/cubic meter (25 C),No Events,1,100,Y,54,54,23,50,122,INSTRUMENT MET ONE 4 MODELS - BETA ATTENUATION,WASHINGTON HS,3535 E. 114TH ST.,Illinois,Cook,Chicago,16980,"Chicago-Naperville-Elgin, IL-IN-WI",2022-10-12
17,031,0022,81102,4,41.687165,-87.539315,WGS84,PM10 Total 0-10um STP,X,24-HR BLK AVG,PM10 24-hour 2006,2022-09-11,Micrograms/cubic meter (25 C),No Events,1,100,Y,24,24,23,22,122,INSTRUMENT MET ONE 4 MODELS - BETA ATTENUATION,WASHINGTON HS,3535 E. 114TH ST.,Illinois,Cook,Chicago,16980,"Chicago-Naperville-Elgin, IL-IN-WI",2022-10-12
17,031,0022,81102,4,41.687165,-87.539315,WGS84,PM10 Total 0-10um STP,X,24-HR BLK AVG,PM10 24-hour 2006,2022-09-12,Micrograms/cubic meter (25 C),No Events,1,100,Y,24,24,23,22,122,INSTRUMENT MET ONE 4 MODELS - BETA ATTENUATION,WASHINGTON HS,3535 E. 114TH ST.,Illinois,Cook,Chicago,16980,"Chicago-Naperville-Elgin, IL-IN-WI",2022-10-12
17,031,0022,81102,4,41.687165,-87.539315,WGS84,PM10 Total 0-10um STP,X,24-HR BLK AVG,PM10 24-hour 2006,2022-09-13,Micrograms/cubic meter (25 C),No Events,1,100,Y,28,28,23,26,122,INSTRUMENT MET ONE 4 MODELS - BETA ATTENUATION,WASHINGTON HS,3535 E. 114TH ST.,Illinois,Cook,Chicago,16980,"Chicago-Naperville-Elgin, IL-IN-WI",2022-10-12
17,031,0022,81102,4,41.687165,-87.539315,WGS84,PM10 Total 0-10um STP,X,24-HR BLK AVG,PM10 24-hour 2006,2022-09-14,Micrograms/cubic meter (25 C),No Events,1,100,Y,42,42,23,39,122,INSTRUMENT MET ONE 4 MODELS - BETA ATTENUATION,WASHINGTON HS,3535 E. 114TH ST.,Illinois,Cook,Chicago,16980,"Chicago-Naperville-Elgin, IL-IN-WI",2022-10-12
17,031,0022,81102,4,41.687165,-87.539315,WGS84,PM10 Total 0-10um STP,X,24-HR BLK AVG,PM10 24-hour 2006,2022-09-15,Micrograms/cubic meter (25 C),No Events,1,100,Y,35,35,23,32,122,INSTRUMENT MET ONE 4 MODELS - BETA ATTENUATION,WASHINGTON HS,3535 E. 114TH ST.,Illinois,Cook,Chicago,16980,"Chicago-Naperville-Elgin, IL-IN-WI",2022-10-12
17,031,0022,81102,4,41.687165,-87.539315,WGS84,PM10 Total 0-10um STP,X,24-HR BLK AVG,PM10 24-hour 2006,2022-09-16,Micrograms/cubic meter (25 C),No Events,1,100,Y,40,40,23,37,122,INSTRUMENT MET ONE 4 MODELS - BETA ATTENUATION,WASHINGTON HS,3535 E. 114TH ST.,Illinois,Cook,Chicago,16980,"Chicago-Naperville-Elgin, IL-IN-WI",2022-10-12
17,031,0022,81102,4,41.687165,-87.539315,WGS84,PM10 Total 0-10um STP,X,24-HR BLK AVG,PM10 24-hour 2006,2022-09-17,Micrograms/cubic meter (25 C),No Events,1,100,Y,44,44,23,41,122,INSTRUMENT MET ONE 4 MODELS - BETA ATTENUATION,WASHINGTON HS,3535 E. 114TH ST.,Illinois,Cook,Chicago,16980,"Chicago-Naperville-Elgin, IL-IN-WI",2022-10-12
17,031,0022,81102,4,41.687165,-87.539315,WGS84,PM10 Total 0-10um STP,X,24-HR BLK AVG,PM10 24-hour 2006,2022-09-18,Micrograms/cubic meter (25 C),No Events,1,100,Y,31,31,23,29,122,INSTRUMENT MET ONE 4 MODELS - BETA ATTENUATION,WASHINGTON HS,3535 E. 114TH ST.,Illinois,Cook,Chicago,16980,"Chicago-Naperville-Elgin, IL-IN-WI",2022-10-12
17,031,0022,81102,4,41.687165,-87.539315,WGS84,PM10 Total 0-10um STP,X,24-HR BLK AVG,PM10 24-hour 2006,2022-09-19,Micrograms/cubic meter (25 C),No Events,1,100,Y,22,22,23,20,122,INSTRUMENT MET ONE 4 MODELS - BETA ATTENUATION,WASHINGTON HS,3535 E. 114TH ST.,Illinois,Cook,Chicago,16980,"Chicago-Naperville-Elgin, IL-IN-WI",2022-10-12
17,031,0022,81102,4,41.687165,-87.539315,WGS84,PM10 Total 0-10um STP,X,24-HR BLK AVG,PM10 24-hour 2006,2022-09-20,Micrograms/cubic meter (25 C),No Events,1,100,Y,51,51,23,47,122,INSTRUMENT MET ONE 4 MODELS - BETA ATTENUATION,WASHINGTON HS,3535 E. 114TH ST.,Illinois,Cook,Chicago,16980,"Chicago-Naperville-Elgin, IL-IN-WI",2022-10-12
17,031,0022,81102,4,41.687165,-87.539315,WGS84,PM10 Total 0-10um STP,X,24-HR BLK AVG,PM10 24-hour 2006,2022-09-21,Micrograms/cubic meter (25 C),No Events,1,100,Y,47,47,23,44,122,INSTRUMENT MET ONE 4 MODELS - BETA ATTENUATION,WASHINGTON HS,3535 E. 114TH ST.,Illinois,Cook,Chicago,16980,"Chicago-Naperville-Elgin, IL-IN-WI",2022-10-12
17,031,0022,81102,4,41.687165,-87.539315,WGS84,PM10 Total 0-10um STP,X,24-HR BLK AVG,PM10 24-hour 2006,2022-09-22,Micrograms/cubic meter (25 C),No Events,1,100,Y,24,24,23,22,122,INSTRUMENT MET ONE 4 MODELS - BETA ATTENUATION,WASHINGTON HS,3535 E. 114TH ST.,Illinois,Cook,Chicago,16980,"Chicago-Naperville-Elgin, IL-IN-WI",2022-10-12
17,031,0022,81102,4,41.687165,-87.539315,WGS84,PM10 Total 0-10um STP,X,24-HR BLK AVG,PM10 24-hour 2006,2022-09-23,Micrograms/cubic meter (25 C),No Events,1,100,Y,21,21,23,19,122,INSTRUMENT MET ONE 4 MODELS - BETA ATTENUATION,WASHINGTON HS,3535 E. 114TH ST.,Illinois,Cook,Chicago,16980,"Chicago-Naperville-Elgin, IL-IN-WI",2022-10-12
17,031,0022,81102,4,41.687165,-87.539315,WGS84,PM10 Total 0-10um STP,X,24-HR BLK AVG,PM10 24-hour 2006,2022-09-24,Micrograms/cubic meter (25 C),No Events,1,100,Y,18,18,23,17,122,INSTRUMENT MET ONE 4 MODELS - BETA ATTENUATION,WASHINGTON HS,3535 E. 114TH ST.,Illinois,Cook,Chicago,16980,"Chicago-Naperville-Elgin, IL-IN-WI",2022-10-12
17,031,0022,81102,4,41.687165,-87.539315,WGS84,PM10 Total 0-10um STP,X,24-HR BLK AVG,PM10 24-hour 2006,2022-09-25,Micrograms/cubic meter (25 C),No Events,1,100,Y,22,22,23,20,122,INSTRUMENT MET ONE 4 MODELS - BETA ATTENUATION,WASHINGTON HS,3535 E. 114TH ST.,Illinois,Cook,Chicago,16980,"Chicago-Naperville-Elgin, IL-IN-WI",2022-10-12
17,031,0022,81102,4,41.687165,-87.539315,WGS84,PM10 Total 0-10um STP,X,24-HR BLK AVG,PM10 24-hour 2006,2022-09-26,Micrograms/cubic meter (25 C),No Events,1,100,Y,21,21,23,19,122,INSTRUMENT MET ONE 4 MODELS - BETA ATTENUATION,WASHINGTON HS,3535 E. 114TH ST.,Illinois,Cook,Chicago,16980,"Chicago-Naperville-Elgin, IL-IN-WI",2022-10-12
17,031,0022,81102,4,41.687165,-87.539315,WGS84,PM10 Total 0-10um STP,X,24-HR BLK AVG,PM10 24-hour 2006,2022-09-27,Micrograms/cubic meter (25 C),No Events,1,100,Y,15,15,23,14,122,INSTRUMENT MET ONE 4 MODELS - BETA ATTENUATION,WASHINGTON HS,3535 E. 114TH ST.,Illinois,Cook,Chicago,16980,"Chicago-Naperville-Elgin, IL-IN-WI",2022-10-12
17,031,0022,81102,4,41.687165,-87.539315,WGS84,PM10 Total 0-10um STP,X,24-HR BLK AVG,PM10 24-hour 2006,2022-09-28,Micrograms/cubic meter (25 C),No Events,1,100,Y,19,19,23,18,122,INSTRUMENT MET ONE 4 MODELS - BETA ATTENUATION,WASHINGTON HS,3535 E. 114TH ST.,Illinois,Cook,Chicago,16980,"Chicago-Naperville-Elgin, IL-IN-WI",2022-10-12
17,031,0022,81102,4,41.687165,-87.539315,WGS84,PM10 Total 0-10um STP,X,24-HR BLK AVG,PM10 24-hour 2006,2022-09-29,Micrograms/cubic meter (25 C),No Events,1,100,Y,16,16,23,15,122,INSTRUMENT MET ONE 4 MODELS - BETA ATTENUATION,WASHINGTON HS,3535 E. 114TH ST.,Illinois,Cook,Chicago,16980,"Chicago-Naperville-Elgin, IL-IN-WI",2022-10-12
17,031,0022,81102,4,41.687165,-87.539315,WGS84,PM10 Total 0-10um STP,X,24-HR BLK AVG,PM10 24-hour 2006,2022-09-30,Micrograms/cubic meter (25 C),No Events,1,100,Y,16,16,23,15,122,INSTRUMENT MET ONE 4 MODELS - BETA ATTENUATION,WASHINGTON HS,3535 E. 114TH ST.,Illinois,Cook,Chicago,16980,"Chicago-Naperville-Elgin, IL-IN-WI",2022-10-12
